cossairt_ref_id,paper_id,doi,emission_nm,T_C,time_min,reaction_type,system_note,rows_in_dataset,rep_row_selection_note
COS-055,L002,10.1038/s41586-019-1771-5,,260.0,40.0,hot_injection (inferred — Cossairt 2022 dataset is ~50% hot injection per Fig 1; per-row reaction_type not in CSV),InP core only (Cossairt dataset has no shell info); In_source=indium acetate; P_source=tris(trimethylsilyl)phosphine,3,no emission_nm rows; selected lowest-temp row (csv_row=162) from 3 rows w/ temp_c
COS-026,L006,10.1021/acs.chemmater.7b02204,,305.0,2.0,hot_injection (inferred — Cossairt 2022 dataset is ~50% hot injection per Fig 1; per-row reaction_type not in CSV),InP core only (Cossairt dataset has no shell info); In_source=indium acetate; P_source=tris(trimethylsilyl)phosphine,3,no emission_nm rows; selected lowest-temp row (csv_row=91) from 3 rows w/ temp_c
COS-040,L009,10.1021/acsanm.8b02063,477.0,240.0,60.0,hot_injection (inferred — Cossairt 2022 dataset is ~50% hot injection per Fig 1; per-row reaction_type not in CSV),InP core only (Cossairt dataset has no shell info); In_source=indium acetate; P_source=tris(trimethylsilyl)phosphine,1,selected median-emission row (csv_row=157) from 1 rows w/ emission_nm
COS-024,L023,10.1021/acs.chemmater.7b00254,555.0,180.0,30.0,hot_injection (inferred — Cossairt 2022 dataset is ~50% hot injection per Fig 1; per-row reaction_type not in CSV),InP core only (Cossairt dataset has no shell info); In_source=indium chloride; P_source=white phosphorus,5,"selected median-emission row (csv_row=132) from 5 rows w/ emission_nm; all emission_nm in dataset: [482.0, 529.0, 555.0, 595.0, 635.0]"
COS-038,L029,10.1021/acsanm.0c00008,,180.0,2.0,hot_injection (inferred — Cossairt 2022 dataset is ~50% hot injection per Fig 1; per-row reaction_type not in CSV),InP core only (Cossairt dataset has no shell info); In_source=indium iodide; P_source=tris(dimethylamino)phosphine,1,no emission_nm rows; selected lowest-temp row (csv_row=171) from 1 rows w/ temp_c
COS-058,L033,10.1039/c6nr04713k,,180.0,15.0,hot_injection (inferred — Cossairt 2022 dataset is ~50% hot injection per Fig 1; per-row reaction_type not in CSV),InP core only (Cossairt dataset has no shell info); In_source=indium chloride; P_source=tris(dimethylamino)phosphine,6,no emission_nm rows; selected lowest-temp row (csv_row=90) from 6 rows w/ temp_c
COS-035,L034,10.1021/acs.nanolett.7b02634,,180.0,20.0,hot_injection (inferred — Cossairt 2022 dataset is ~50% hot injection per Fig 1; per-row reaction_type not in CSV),InP core only (Cossairt dataset has no shell info); In_source=indium chloride; P_source=tris(diethylamino)phosphine,1,no emission_nm rows; selected lowest-temp row (csv_row=97) from 1 rows w/ temp_c
COS-034,L038,10.1021/acs.jpclett.9b02386,625.0,200.0,60.0,hot_injection (inferred — Cossairt 2022 dataset is ~50% hot injection per Fig 1; per-row reaction_type not in CSV),InP core only (Cossairt dataset has no shell info); In_source=indium chloride; P_source=tris(dimethylamino)phosphine,2,selected median-emission row (csv_row=165) from 1 rows w/ emission_nm
COS-021,L044,10.1021/acs.chemmater.0c00551,,180.0,3.0,hot_injection (inferred — Cossairt 2022 dataset is ~50% hot injection per Fig 1; per-row reaction_type not in CSV),InP core only (Cossairt dataset has no shell info); In_source=indium iodide; P_source=tris(dimethylamino)phosphine,1,no emission_nm rows; selected lowest-temp row (csv_row=182) from 1 rows w/ temp_c
