paper_id,corpus,recipe_id,sample_id,normalization_trace_id,data_quality_tier,system_tag,route,unknown_route_flag,route_inferred_flag,T_growth_C,time_min,PL_peak_nm_final,PL_peak_nm_core,measurement_state,notes_text,stage_source,shell_present_flag,postprocess_present_flag,shell_presence_ambiguity_flag,ratio_reported_flag,ratio_definition_type,precursor_purity_reported_flag,injection_rate_reported_flag,process_sensitive_reporting_flag,caution_count,QY_percent_final,FWHM_nm_final
L001,InP (L-series),NR-L001-01,L001-S01,TRC-L001-01,literature_structured,InP/ZnS/ZnS,heating_up,yes,no,220,30,510,,final_purified,ZnI2 halide; derived mass; 220C core,main_text,1,0,0,0,,0,0,0,0,38.7,65
L001,InP (L-series),NR-L001-02,L001-S02,TRC-L001-02,literature_structured,InP/ZnS/ZnS,heating_up,yes,no,220,30,547,,final_purified,ZnBr2 halide; main recipe; highest PLQY 78.5%,main_text,1,0,0,0,,0,0,0,0,78.5,77
L001,InP (L-series),NR-L001-03,L001-S03,TRC-L001-03,literature_structured,InP/ZnS/ZnS,heating_up,yes,no,240,30,558,,final_purified,ZnBr2 240C core; shell conditions unknown,main_text,1,0,0,0,,0,0,0,0,72.2,91
L001,InP (L-series),NR-L001-04,L001-S04,TRC-L001-04,literature_structured,InP/ZnS/ZnS,heating_up,yes,no,220,30,611,,final_purified,ZnCl2 halide; derived mass; 220C core,main_text,1,0,0,0,,0,0,0,0,29,76
L002,InP (L-series),NR-L002-01,L002-S01,TRC-L002-01,literature_structured,InP/ZnSe/ZnS,hot_injection,no,no,300,10,631,,final_purified,"QD-1; 320C shell; Zn_ZnS unknown; time unknown [STAGE-FIX: T 260→300 (core at 300C/10min per Methods); t 40→10 (40 had no PDF basis; core growth explicitly 10 min). Shell at 260C only passivates, does not shift PL.]",main_text,1,0,0,0,,0,0,0,0,98,35
L002,InP (L-series),NR-L002-02,L002-S02,TRC-L002-02,literature_structured,InP/ZnSe/ZnS,hot_injection,no,no,300,10,629,,final_purified,"QD-1R; 340C shell; Zn_ZnS unknown; time unknown [STAGE-FIX: T 260→300 (core at 300C/10min per Methods); t 40→10 (40 had no PDF basis; core growth explicitly 10 min). Shell at 260C only passivates, does not shift PL.]",main_text,1,0,0,0,,0,0,0,0,100,39
L002,InP (L-series),NR-L002-03,L002-S03,TRC-L002-03,literature_structured,InP/ZnSe/ZnS,hot_injection,no,no,300,10,627,,final_purified,"QD-2; 320C shell; time unknown [STAGE-FIX: T 260→300 (core at 300C/10min per Methods); t 40→10 (40 had no PDF basis; core growth explicitly 10 min). Shell at 260C only passivates, does not shift PL.]",main_text,1,0,0,0,,0,0,0,0,92,35
L002,InP (L-series),NR-L002-04,L002-S04,TRC-L002-04,literature_structured,InP/ZnSe/ZnS,hot_injection,no,no,300,10,628,,final_purified,"QD-2R; 340C shell; time unknown [STAGE-FIX: T 260→300 (core at 300C/10min per Methods); t 40→10 (40 had no PDF basis; core growth explicitly 10 min). Shell at 260C only passivates, does not shift PL.]",main_text,1,0,0,0,,0,0,0,0,100,37
L002,InP (L-series),NR-L002-05,L002-S05,TRC-L002-05,literature_structured,InP/ZnSe/ZnS,hot_injection,no,no,300,10,630,,final_purified,"QD-3; 320C shell; time ambiguous not assumed [STAGE-FIX: T 260→300 (core at 300C/10min per Methods); t 40→10 (40 had no PDF basis; core growth explicitly 10 min). Shell at 260C only passivates, does not shift PL.]",main_text,1,0,0,0,,0,0,0,0,75,35
L002,InP (L-series),NR-L002-06,L002-S06,TRC-L002-06,literature_structured,InP/ZnSe/ZnS,hot_injection,no,no,300,10,631,,final_purified,"QD-3R; 340C shell; 60min confirmed; hold-free; highest confidence [STAGE-FIX: T 260→300 (core at 300C/10min per Methods); t 40→10 (40 had no PDF basis; core growth explicitly 10 min). Shell at 260C only passivates, does not shift PL.]",main_text,1,0,0,0,,0,0,0,0,100,35
L003,InP (L-series),NR-L003-01,L003-S01,TRC-L003-01,literature_structured,InP-In(Zn)P/ZnSe/ZnS,hot_injection,no,no,240,5,569,,final_purified,569nm; Sec 2.3+2.4; hold-free; highest confidence,main_text,1,0,0,0,,0,0,0,0,82,43
L003,InP (L-series),NR-L003-02,L003-S02,TRC-L003-02,literature_structured,InP-In(Zn)P/ZnSe/ZnS,hot_injection,no,no,270,5,588,,final_purified,588nm; thin ZnSe unknown,main_text,1,0,0,0,,0,0,0,0,87.7,44
L003,InP (L-series),NR-L003-03,L003-S03,TRC-L003-03,literature_structured,InP-In(Zn)P/ZnSe/ZnS,hot_injection,no,no,270,5,601,,final_purified,601nm; P2 at 270C no cool-down; thin ZnSe unknown; main sample,main_text,1,0,0,0,,0,0,0,0,94.3,43
L003,InP (L-series),NR-L003-04,L003-S04,TRC-L003-04,literature_structured,InP-In(Zn)P/ZnSe/ZnS,hot_injection,no,no,270,5,616,,final_purified,616nm; P injection count unknown; boundary flagged,main_text,1,0,0,0,,0,0,0,0,83.1,50
L003,InP (L-series),NR-L003-05,L003-S05,TRC-L003-05,literature_structured,InP-In(Zn)P/ZnSe/ZnS,hot_injection,no,no,270,5,630,,final_purified,630nm; P injection count unknown; boundary flagged,main_text,1,0,0,0,,0,0,0,0,94.3,56
L005,InP (L-series),NR-L005-01,L005-ZnS10,TRC-L005-01,literature_structured,InP/ZnSe/ZnS,hot_injection_layer_by_layer,,,290,3,607,,final_purified,BEST: 10-layer ZnS; PLQY 73%; conditions_inferred:ZnS_injection_count; PL_peak_approximate,main_text,1,,,,,,,1,0,73,48
L005,InP (L-series),NR-L005-02,L005-S01,TRC-L005-02,literature_structured,InP/ZnSe/ZnS,hot_injection_layer_by_layer,,,290,3,606,,final_purified,Table S1 Sample 1; shell_layers_unknown; conditions_inherited,table,1,,,,,,,,0,51,55
L005,InP (L-series),NR-L005-03,L005-S02,TRC-L005-03,literature_structured,InP/ZnSe/ZnS,hot_injection_layer_by_layer,,,290,3,607,,final_purified,Table S1 Sample 2; shell_layers_unknown; conditions_inherited,table,1,,,,,,,,0,60,51
L005,InP (L-series),NR-L005-04,L005-S03,TRC-L005-04,literature_structured,InP/ZnSe/ZnS,hot_injection_layer_by_layer,,,290,3,607,,final_purified,Table S1 Sample 3; shell_layers_unknown; conditions_inherited,table,1,,,,,,,,0,65,49
L006,InP (L-series),NR-L006-01,L006-S01,TRC-L006-01,literature_structured,InP/ZnSe/ZnS,heating_up_then_SILAR_shell,,no,305,2,535,,final_purified,InP/ZnSe/ZnS no Zn in core; PL_peak_approximate; QY_lower_bound_or_approximate (>50%); fwhm 43nm; zinc stearate shell method; medium-low candidate,main_text,1,0,0,0,,0,0,0,0,50,43
L006,InP (L-series),NR-L006-02,L006-S02,TRC-L006-02,literature_structured,In(Zn)P/ZnSe/ZnS,one_pot_InZn_then_SILAR_shell,,no,305,2,535,,final_purified,BASE RECIPE; In(Zn)P Zn:In=0.5; fwhm 38nm; QY_upper_bound (up to 71%); PA=0.575mmol; strongest candidate; In(Zn)P_boundary:Zn_role_ambiguous_surface_or_alloy,main_text,1,0,0,0,,0,0,1,0,71,38
L006,InP (L-series),NR-L006-03,L006-S03,TRC-L006-03,literature_structured,In(Zn)P/ZnS,one_pot_InZn_then_ZnS_shell,,no,305,2,488,,final_purified,In(Zn)P/ZnS (ZnS-only shell; TOP-S replaces TOP-Se); TMS3P=0.1205mmol; fwhm 35nm; QY 44%; system_tag differs from S02/S04/S05; separate shell system,main_text,1,0,0,0,,0,0,1,0,44,35
L006,InP (L-series),NR-L006-04,L006-S04,TRC-L006-04,literature_structured,In(Zn)P/ZnSe/ZnS,one_pot_InZn_then_SILAR_shell,,no,305,2,516,,final_purified,PA=0.525mmol variant (less PA); fwhm 36nm; QY 67%; conditions_inherited from S02 base; shell identical to S02; In(Zn)P_boundary:Zn_role_ambiguous,main_text,1,0,0,0,,0,0,1,0,67,36
L006,InP (L-series),NR-L006-05,L006-S05,TRC-L006-05,literature_structured,In(Zn)P/ZnSe/ZnS,one_pot_InZn_then_SILAR_shell,,no,305,2,552,,final_purified,PA=0.625mmol variant (more PA); fwhm 40nm; QY 60%; conditions_inherited from S02 base; shell identical to S02; In(Zn)P_boundary:Zn_role_ambiguous,main_text,1,0,0,0,,0,0,1,0,60,40
L006,InP (L-series),NR-L006-06,L006-S06,TRC-L006-06,literature_structured,InP/ZnSe/ZnS,SILAR_core_growth_then_SILAR_shell,,no,305,2,621,,final_purified,SILAR 5-layer InP core (~3nm) + ZnSe/ZnS; fwhm 44nm; QY=blank (figure_only not promoted); no Zn in core; scaled-up shell amounts,main_text,1,0,0,0,,0,0,1,0,,44
L007,InP (L-series),NR-L007-01,L007-ZnS04,TRC-L007-01,literature_structured,InP/ZnS,modified_SILAR,,no,178,840,569,,final_purified,"4 SILAR iter ZnS; 1.1 ML; diam 2.9nm; FWHM 64nm; QY_SI_table_pending [EXTGAP-FILL: t blank→840 (14h at 178C, Sec 4.5 ""heated at 178C for 14h"")]",table,1,0,0,0,,0,0,0,0,,64
L007,InP (L-series),NR-L007-02,L007-ZnS07,TRC-L007-02,literature_structured,InP/ZnS,modified_SILAR,,no,178,840,575,,final_purified,"7 SILAR iter ZnS; 2.0 ML; diam 3.4nm; FWHM 54nm; QY_PR=25.76%; QY_treated=27.64%; QY_two_states_Table_S2; no_single_QY_value [EXTGAP-FILL: t blank→840 (14h at 178C, Sec 4.5 ""heated at 178C for 14h"")]",table,1,0,0,0,,0,0,0,0,,54
L007,InP (L-series),NR-L007-03,L007-ZnS10,TRC-L007-03,literature_structured,InP/ZnS,modified_SILAR,,no,178,840,582,,final_purified,"10 SILAR iter ZnS; 3.3 ML; diam 4.1nm; FWHM 57nm; QY_PR=25.73%; QY_treated=28.84%; QY_two_states_Table_S2; no_single_QY_value [EXTGAP-FILL: t blank→840 (14h at 178C, Sec 4.5 ""heated at 178C for 14h"")]",table,1,0,0,0,,0,0,0,0,,57
L007,InP (L-series),NR-L007-04,L007-ZnSe04,TRC-L007-04,literature_structured,InP/ZnSe,modified_SILAR,,no,178,840,581,,final_purified,"4 SILAR iter ZnSe; 1.9 ML; diam 3.4nm; FWHM 58nm; QY_PR=16.07%; QY_treated=28.70%; QY_two_states_Table_S2; no_single_QY_value; no_ZnS_cap [EXTGAP-FILL: t blank→840 (14h at 178C, Sec 4.5 ""heated at 178C for 14h"")]",table,1,0,0,0,,0,0,0,0,,58
L007,InP (L-series),NR-L007-05,L007-ZnSe07,TRC-L007-05,literature_structured,InP/ZnSe,modified_SILAR,,no,178,840,597,,final_purified,"7 SILAR iter ZnSe; 3.4 ML; diam 4.2nm; FWHM 54nm; QY_PR=8.40%; QY_treated=29.32%; QY_two_states_Table_S2; no_single_QY_value; QY_excitation_dependent; no_ZnS_cap; QY_excitation_dependent (20% vs 47%) [EXTGAP-FILL: t blank→840 (14h at 178C, Sec 4.5 ""heated at 178C for 14h"")]",table,1,0,0,0,,0,0,0,0,,54
L007,InP (L-series),NR-L007-06,L007-ZnSe10,TRC-L007-06,literature_structured,InP/ZnSe,modified_SILAR,,no,178,840,599,,final_purified,"10 SILAR iter ZnSe; 4.1 ML; diam 4.6nm; FWHM 54nm; QY_PR=8.95%; QY_treated=20.42%; QY_two_states_Table_S2; no_single_QY_value; no_ZnS_cap [EXTGAP-FILL: t blank→840 (14h at 178C, Sec 4.5 ""heated at 178C for 14h"")]",table,1,0,0,0,,0,0,0,0,,54
L007,InP (L-series),NR-L007-07,L007-ZnSeS01,TRC-L007-07,literature_structured,InP/ZnSe/ZnS,modified_SILAR,,no,178,840,585,,final_purified,"1 ZnSe iter + 3 ZnS cap; 0.7 ML ZnSe + 0.2 ML ZnS; diam 2.8nm; FWHM 52nm; QY_SI_table_pending; ZnSe_sub_monolayer [EXTGAP-FILL: t blank→840 (14h at 178C, Sec 4.5 ""heated at 178C for 14h"")]",table,1,0,0,0,,0,0,0,0,,52
L007,InP (L-series),NR-L007-08,L007-ZnSeS04,TRC-L007-08,literature_structured,InP/ZnSe/ZnS,modified_SILAR,,no,178,840,593,,final_purified,"4 ZnSe iter + 3 ZnS cap; +0.9 ML ZnS; diam 3.9nm; FWHM 55nm; QY_PR=14.12%; QY_treated=24.71%; QY_two_states_Table_S2; no_single_QY_value [EXTGAP-FILL: t blank→840 (14h at 178C, Sec 4.5 ""heated at 178C for 14h"")]",table,1,0,0,0,,0,0,0,0,,55
L007,InP (L-series),NR-L007-09,L007-ZnSeS07,TRC-L007-09,literature_structured,InP/ZnSe/ZnS,modified_SILAR,,no,178,840,595,,final_purified,"7 ZnSe iter + 3 ZnS cap; +1.5 ML ZnS; diam 5.0nm; FWHM 55nm; QY_PR=25.61%; QY_treated=33.81%; QY_two_states_Table_S2; no_single_QY_value [EXTGAP-FILL: t blank→840 (14h at 178C, Sec 4.5 ""heated at 178C for 14h"")]",table,1,0,0,0,,0,0,0,0,,55
L007,InP (L-series),NR-L007-10,L007-ZnSeS10,TRC-L007-10,literature_structured,InP/ZnSe/ZnS,modified_SILAR,,no,178,840,596,,final_purified,"10 ZnSe iter + 3 ZnS cap; +1.8 ML ZnS; diam 5.6nm; FWHM 51nm; QY_PR=13.73%; QY_treated=25.50%; QY_two_states_Table_S2; no_single_QY_value [EXTGAP-FILL: t blank→840 (14h at 178C, Sec 4.5 ""heated at 178C for 14h"")]",table,1,0,0,0,,0,0,0,0,,51
L009,InP (L-series),NR-L009-01,L009-ZnSeZnS,TRC-L009-01,literature_structured,InP/ZnSe/ZnS,hot_injection_MSC_mediated,,no,150,,528,,final_purified,Samsung green QD; PL 528nm FWHM 36nm QY 95.4±2.1% (text explicit); diam 6.0nm; ZnSe 1.5nm + ZnS 0.5nm; MSC-mediated core at 150C; In(Zn)P_boundary:Zn_role_ambiguous,main_text,1,0,0,0,,0,0,1,0,95.4,36
L009,InP (L-series),NR-L009-02,L009-ZnS,TRC-L009-02,literature_structured,InP/ZnS,hot_injection_MSC_mediated,,no,150,,505,,final_purified,Comparison sample; PL 505nm FWHM 50nm QY 46% (text explicit); ZnS 1.0nm shell; 220-280C shell growth; In(Zn)P_boundary:Zn_role_ambiguous,main_text,1,0,0,0,,0,0,0,0,46,50
L010,InP (L-series),NR-L010-01,L010-Blue,TRC-L010-01,literature_structured,InP/(Al)ZnS,one_pot_gram_scale,,no,160,10,480,,final_purified,Blue QD; PL 480nm FWHM 50.2nm QY 34%; Al-doped; process_events_pending; Al_boundary:location_ambiguous [EXTGAP-FILL: T/t blank→160/10 (Blue: InI3+ZnI2 160C/10min (Sec 3.4))],SI_table,1,0,0,0,,0,0,0,0,34,50.2
L010,InP (L-series),NR-L010-02,L010-Green,TRC-L010-02,literature_structured,InP/(Al)ZnS,one_pot_gram_scale,,no,180,10,509,,final_purified,Green QD; PL 509nm FWHM 56.3nm QY 62%; Al-doped; process_events_pending; Al_boundary:location_ambiguous [EXTGAP-FILL: T/t blank→180/10 (Green: InI3+ZnBr2 180C/10min (Sec 3.4))],SI_table,1,0,0,0,,0,0,0,0,62,56.3
L010,InP (L-series),NR-L010-03,L010-Yellow,TRC-L010-03,literature_structured,InP/(Al)ZnS,one_pot_gram_scale,,no,170,20,560,,final_purified,Yellow QD; PL 560nm FWHM 61.6nm QY 86%; Al-doped; process_events_pending; Al_boundary:location_ambiguous [EXTGAP-FILL: T/t blank→170/20 (Yellow: InBr3+ZnBr2 170C/20min (Sec 3.4))],SI_table,1,0,0,0,,0,0,0,0,86,61.6
L010,InP (L-series),NR-L010-04,L010-Orange,TRC-L010-04,literature_structured,InP/(Al)ZnS,one_pot_gram_scale,,no,175,30,600,,final_purified,Orange QD; PL 600nm FWHM 57.2nm QY 96%; Al-doped; process_events_pending; Al_boundary:location_ambiguous [EXTGAP-FILL: T/t blank→175/30 (Orange: InCl3+ZnCl2 175C/30min (Sec 3.4))],SI_table,1,0,0,0,,0,0,0,0,96,57.2
L010,InP (L-series),NR-L010-05,L010-Red-B1,TRC-L010-05,literature_structured,InP/(Al)ZnS,one_pot_gram_scale,,no,200,30,629,,final_purified,Red QD Batch 1 (representative); PL 629nm FWHM 59.0nm QY 72%; representative_selected_from_batch_series; median_batch_selected; Al_boundary:location_ambiguous; process_events_pending [EXTGAP-FILL: T/t blank→200/30 (Red: InCl3+ZnCl2 200C/30min (Sec 2.4))],SI_table,1,0,0,0,,0,0,0,0,72,59
L011,InP (L-series),NR-L011-01,L011-RQ1,TRC-L011-01,literature_structured,InP/ZnSe/ZnS,aminophosphine_one_pot_HF,,no,180,20,670,,final_purified,"RQ1 deep red; PL 670nm FWHM 50nm QY 60%; abs 642nm; size 10.5nm; 3DMA-P + HF etching; ZnSe_thin_thick_variant:pending [EXTGAP-FILL: T/t blank→180/20 (tR from Table 1, core reflux at 180C)]",table,1,0,0,0,,0,0,0,0,60,50
L011,InP (L-series),NR-L011-02,L011-RQ2,TRC-L011-02,literature_structured,InP/ZnSe/ZnS,aminophosphine_one_pot_HF,,no,180,20,666,,final_purified,"RQ2; PL 666nm FWHM 52nm QY 66%; abs 631nm; size 10.3nm; ZnSe_thin_thick_variant:pending [EXTGAP-FILL: T/t blank→180/20 (tR from Table 1, core reflux at 180C)]",table,1,0,0,0,,0,0,0,0,66,52
L011,InP (L-series),NR-L011-03,L011-RQ3,TRC-L011-03,literature_structured,InP/ZnSe/ZnS,aminophosphine_one_pot_HF,,no,180,17,654,,final_purified,"RQ3; PL 654nm FWHM 47nm QY 68%; abs 621nm; size 10.6nm; ZnSe_thin_thick_variant:pending [EXTGAP-FILL: T/t blank→180/17 (tR from Table 1, core reflux at 180C)]",table,1,0,0,0,,0,0,0,0,68,47
L011,InP (L-series),NR-L011-04,L011-RQ4,TRC-L011-04,literature_structured,InP/ZnSe/ZnS,aminophosphine_one_pot_HF,,no,180,12,642,,final_purified,"RQ4; PL 642nm FWHM 45nm QY 71%; abs 611nm; size 10.7nm; ZnSe_thin_thick_variant:pending [EXTGAP-FILL: T/t blank→180/12 (tR from Table 1, core reflux at 180C)]",table,1,0,0,0,,0,0,0,0,71,45
L011,InP (L-series),NR-L011-05,L011-RQ5,TRC-L011-05,literature_structured,InP/ZnSe/ZnS,aminophosphine_one_pot_HF,,no,180,8,632,,final_purified,"RQ5; PL 632nm FWHM 44nm QY 74%; abs 601nm; size 11.0nm; highest QY; ZnSe_thin_thick_variant:pending [EXTGAP-FILL: T/t blank→180/8 (tR from Table 1, core reflux at 180C)]",table,1,0,0,0,,0,0,0,0,74,44
L011,InP (L-series),NR-L011-06,L011-RQ6,TRC-L011-06,literature_structured,InP/ZnSe/ZnS,aminophosphine_one_pot_HF,,no,180,5,626,,final_purified,"RQ6; PL 626nm FWHM 49nm QY 69%; abs 592nm; size 10.3nm; ZnSe_thin_thick_variant:pending [EXTGAP-FILL: T/t blank→180/5 (tR from Table 1, core reflux at 180C)]",table,1,0,0,0,,0,0,0,0,69,49
L012,InP (L-series),NR-L012-01,L012-S01,TRC-L012-01,literature_structured,InP/ZnSe/ZnS,hot_injection,,,270,,618,,final_purified,Stoichiometry-controlled InP/ZnSe/ZnS; PL ~618nm FWHM 42nm; QY near-unity (exact % pending Table S1 manual read); size 7.8±0.5nm; QY 93±3% after 1mo ambient; In:P ~1:1 by EDS; HAc removal Ar bubbling 30min 150C; purification before thick shell; entropic ligands laurate+stearate; 6ML ZnSe 300C 15 cycles + 2ML ZnS 4 cycles; caution: PL is approximate (~618); caution: QY exact numeric unresolved,supplementary_text,1,1,0,1,In:P_atomic_EDS,1,0,1,1,,42
L013,InP (L-series),NR-L013-01,L013-S01,TRC-L013-01,literature_structured,InP/ZnSe/ZnS,aminophosphine_InBr3,,,185,60,621,,final_purified,InBr3-based red InP/thick-ZnSe/ZnS; PL 621nm FWHM 44nm QY 86%; (DMA)3P aminophosphine + InBr3 unconventional In halide; core 185C 60min in OLA; thick-ZnSe 320C 60min; ZnS 320C 60min; OTT 220C 30min; Zn(OAc)2/OA 190C 30min; core 3.4nm thick-ZnSe 8.1nm final 8.8nm; route aminophosphine_InBr3 confirmed (HOLD-L013-01 resolved option_A),main_text,1,1,0,0,,0,0,1,0,86,44
L015,InP (L-series),NR-L015-01,L015-S01,TRC-L015-01,literature_structured,InP/ZnSe/ZnSeS/ZnS,aminophosphine_one_pot_GHAS,,,200,6,522,,final_purified,InP/ZnSe/ZnSeS/ZnS green QDs; PL 522nm FWHM 36nm QY 86%; one-pot aminophosphine (DMA)3P + InCl3 + ZnI2 in OLA; gradient heating alloy shell (GHAS) ZnSeS 240->260->280C; ZnSe inner 240C Se/TOP 2mL/h; ZnS outer 300C OTT 1.6mL/h; core 200C 6min; no SI available; system_tag InP/ZnSe/ZnSeS/ZnS confirmed (HOLD-L015-01 resolved option_A); route aminophosphine_one_pot_GHAS confirmed (HOLD-L015-02 resolved option_A),main_text,1,0,0,0,,0,1,1,0,86,36
L016,InP (L-series),NR-L016-01,L016-S01,TRC-L016-01,literature_structured,InP/ZnS,aminophosphine,,,170,20,521,,final_purified,InP/ZnS-DDT/300 green QDs; PL 521nm QY 85%; P(DEA)3 tris(diethylamino)phosphine + InCl3 + ZnCl2/ZnI2 in OLA; DDT as S source generating H2S in-situ at 300C for interface engineering; core 170C 20min; ZnS shell 300C 1h; FWHM not stated in text; route=aminophosphine (HOLD-L016-01 resolved option_B; DDT/H2S detail in notes),supplementary_text,1,0,0,0,,0,0,1,0,85,
L017,InP (L-series),NR-L017-01,L017-S01,TRC-L017-01,literature_structured,InP/ZnS,aminophosphine,,,180,5,540,,final_purified,InP/ZnS green QDs for temperature sensor; PL ~540nm (caution: tilde approximate); QY 31% FWHM 46nm; P(DMA)3 + InCl3 + ZnCl2 in OLA; shell ZnO-derived Zn precursor + S/TOP at 180C 3h; core 180C 5min; route=aminophosphine (HOLD-L017-01 resolved option_A); caution: PL is approximate (~540),main_text,1,0,0,0,,0,0,0,1,31,46
L018,InP (L-series),NR-L018-01,L018-S01,TRC-L018-01,literature_structured,InP/ZnSe/ZnS,aminophosphine,,,180,4,528,,final_purified,InP/ZnSe/ZnS green QDs; PL 528nm QY 90% FWHM 37nm; P(DEA)3 tris(diethylamino)phosphine + InI3 + ZnCl2 in OLA; ZnSe 200C→290C 30+30min; ZnS 300C 2h; alkanethiol 220C 60min; Zn(OAc)2/OA 190C 120min; core 180C 4min; route=aminophosphine (HOLD-L018-01 resolved option_B; DEAP+InI3 detail in notes),main_text,1,1,0,0,,0,0,1,0,90,37
L014,InP (L-series),NR-L014-01,L014-S01,TRC-L014-01,literature_structured,InP/ZnSe/ZnS,hot_injection,no,no,240,10,535,,final_purified,"InP/ZnSe/ZnS green QDs via ZnBr2 hybrid shelling; PL 533nm (caution: value from SI Fig 3B author-labeled numeric annotation on spectrum — not body-text explicit, but distinct from curve-read estimate); QY unity/100% (text; SI Fig 5: 99.25-99.76% across 3 batches; raw provenance preserved); FWHM 32nm (text); (TMS)3P silylphosphine core 240C 10min; ZnBr2 5mmol + Zn(OAc)2 hybrid co-injection shelling; ZnSe inner shell 300C 60min medium thickness tZnSe=1.8nm; ZnS outer shell 300C 60min; OTT passivation 230C 60min; route=hot_injection (conservative generic; ZnBr2 hybrid detail preserved in notes only); open_access CC-BY-4.0; Jo2024 Soft Science [HALLUC-PATCH: PL 533→535; 533 was non-hybrid ZnBr2-only sample (SI Fig 3B). Corrected to hybrid champion InP-ZnBr2-Zn(OA)2/ZnSe/ZnS from Fig 4B (QY=100%, FWHM=32nm)]",main_text,1,1,0,0,,0,0,1,1,100,32
L019,InP (L-series),NR-L019-01,L019-S01,TRC-L019-01,literature_structured,InP/GaP/ZnS,heating_up,no,no,300,10,530,,final_purified,Green InP/GaP/ZnS QDs via heating-up; PL 530nm QY 85% (max 90%) FWHM 41nm; In(OAc)3 0.24mmol + Zn(OAc)2 1mmol + myristic acid + (TMS)3P 0.19mmol + GaCl3 0.085mmol in ODE; heated RT→300C in 10min then 10min at 300C; t-DDT 0.25mL + ZnOleate 2mmol + DDT 0.75mL for ZnS shell; GaP inner shell from GaCl3 reaction >200C (detail in notes only; route=heating_up generic); open_access CC-BY-4.0; Park2016 Sci Rep,main_text,1,0,0,0,,0,0,1,0,85,41
L019,InP (L-series),NR-L019-02,L019-S02,TRC-L019-02,literature_structured,InP/GaP/ZnS,heating_up,no,no,300,10,480,,final_purified,Blue InP/GaP/ZnS QDs; PL 480nm QY ~40% (caution: tilde approximate; max 50%) FWHM 50nm; same core precursors as green; DDT 1mmol injected at ~200-270C during ramp to restrict core growth; TEM 2.7nm; route=heating_up (GaP detail in notes); Park2016 Sci Rep,main_text,1,0,0,0,,0,0,1,1,40,50
L019,InP (L-series),NR-L019-03,L019-S03,TRC-L019-03,literature_structured,InP/GaP/ZnS,heating_up,no,no,300,10,620,,final_purified,Red InP/GaP/ZnS QDs; PL 620nm QY ~60% (caution: tilde approximate; max 65%) FWHM 65nm (abstract; Discussion says 60nm — discrepancy noted in trace); double GaCl3 0.17mmol for thicker GaP → red shift; TEM 4.1nm; route=heating_up (GaP detail in notes); Park2016 Sci Rep,main_text,1,0,0,0,,0,0,1,1,60,65
L020,InP (L-series),NR-L020-01,L020-S01,TRC-L020-01,literature_structured,InP/GaP/ZnS,heating_up,no,no,300,60,485,,final_purified,Blue InP/GaP/ZnS optimized; PL 485nm QY 45% FWHM 52nm; LA (lauric acid C12) capping + HT (hexanethiol C6) sulfur source at 185C; ZnOleate 6mmol + DDT 3mL at 300C 60min for thick shell; In(OAc)3 0.48mmol + Zn(OAc)2 1.99mmol + (TMS)3P 0.38mmol + GaCl3 0.17mmol; heating-up 26.1C/min; GaP inner shell from GaCl3 (detail in notes; route=heating_up generic); TEM 6.3nm spherical; no SI available; open_access MDPI CC-BY; Lee2020 Nanomaterials,main_text,1,0,0,0,,0,0,1,0,45,52
L020,InP (L-series),NR-L020-02,L020-S02,TRC-L020-02,literature_structured,InP/GaP/ZnS,heating_up,no,no,300,10,497,,final_purified,InP/GaP/ZnS HT sulfur source at 230C; PL 497nm FWHM 59nm; QY not text-stated (figure-only excluded); same core precursors; shell ZnOleate+DDT 300C 10min; no SI; Lee2020 Nanomaterials,main_text,1,0,0,0,,0,0,0,1,,59
L021,InP (L-series),NR-L021-01,L021-S01,TRC-L021-01,literature_structured,InP/ZnS/ZnS,heating_up,no,no,170,30,465,,final_purified,Blue InP/ZnS/ZnS from NaOCP; PL 465nm QY 43% FWHM 42nm; NaOCP (sodium phosphaethynolate) inorganic solid P precursor — novel non-toxic alternative to (TMS)3P and aminophosphines (precursor detail in notes; route=heating_up generic); InCl3 1mmol + ZnCl2 5mmol + NaOCP 5mmol + 20mL OLA; core 170C 30min; DDT-based ZnS/ZnS dual shell at 310C then 240C; SI has full protocol; Yu2021 ACS Energy Lett,supplementary_text,1,0,0,0,,0,0,1,0,43,42
L021,InP (L-series),NR-L021-02,L021-S02,TRC-L021-02,literature_structured,InP/ZnSe/ZnS,heating_up,no,no,180,30,533,,final_purified,Green InP/ZnSe/ZnS from NaOCP; PL 533nm QY 97% FWHM 36nm; NaOCP precursor (detail in notes; route=heating_up generic); InCl3 1mmol + ZnCl2 8mmol + OLA 9mL; NaOCP 1mmol/6mL OLA injected; core 180C 30min; multi-step ZnSe shelling 200→240→280→310C then ZnS/DDT at 240C; SI full protocol; note: PL 533nm overlaps L014 — acceptable for diversity; Yu2021 ACS Energy Lett,supplementary_text,1,0,0,0,,0,0,1,0,97,36
L021,InP (L-series),NR-L021-03,L021-S03,TRC-L021-03,literature_structured,InP/ZnSe/ZnS,heating_up,no,no,310,30,620,,final_purified,Red InP/ZnSe/ZnS from NaOCP; PL 620nm QY 95% FWHM 60nm; NaOCP precursor (detail in notes; route=heating_up generic); InCl3 1mmol + ZnCl2 1mmol + OLA 9mL; NaOCP 1mmol/6mL OLA; core 310C 30min (high T for large red core); same multi-step ZnSe/ZnS shelling; SI full protocol; Yu2021 ACS Energy Lett,supplementary_text,1,0,0,0,,0,0,1,0,95,60
L022,InP (L-series),NR-L022-01,L022-S01,TRC-L022-01,literature_structured,InP/ZnS/ZnS,heating_up,no,no,170,30,410,,final_purified,"Deep blue InP/ZnS/ZnS with oleic acid (OAC) ligand; PL 410nm QY 37% FWHM 65nm; Table 1 provenance; In(OAc)3 + OAC + ODE heated 170C 30min for InP core (SI S1.2.1); consecutive double ZnS shell coating; ultrasmall core 1.74nm → 4.11nm after double shell; low QY expected for deep blue ultrasmall InP; Rakshit2023 ACS AMI; [VERIFY-FIX 2026-04-06: time_min 120→30, SI Section 1.2.1 ""held for 30 minutes""; main text 170C/2h is impurity comparison experiment]",main_text,1,0,0,0,,0,0,0,0,37,65
L022,InP (L-series),NR-L022-02,L022-S02,TRC-L022-02,literature_structured,InP/ZnS/ZnS,heating_up,no,no,170,30,430,,final_purified,"Deep blue InP/ZnS/ZnS with oleylamine (OAM) ligand; PL 430nm QY 45% FWHM 50nm; Table 1 provenance; In(OAc)3 + OAM + ODE heated 170C 30min for InP core (SI S1.2.1); consecutive double ZnS shell coating; ultrasmall core 1.81nm → 4.15nm; OAM yields higher QY and narrower FWHM than OAC; Rakshit2023 ACS AMI; [VERIFY-FIX 2026-04-06: time_min 120→30, OAM same procedure as S01; SI Section 1.2.1 ""held for 30 minutes""]",main_text,1,0,0,0,,0,0,0,0,45,50
L023,InP (L-series),NR-L023-01,L023-S01,TRC-L023-01,literature_structured,InP/ZnS,hot_injection,no,no,180,30,482,,final_purified,Blue InP@ZnS from P4 (elemental phosphorus) precursor; PL 482±1nm QY 8±2% FWHM 58±1nm; Table 1 with standard errors; low-performance valid row — QY 8% is genuine measurement for ultrasmall blue InP from InI3+ZnI2 precursors; P4 sublimed from red P dissolved in TOP as novel P source (precursor detail in notes; route=hot_injection generic); ZnS shell ZnOAc+dodecanethiol 210C 90min; Bang2017 Chem Mater,main_text,1,0,0,0,,0,0,1,0,8,58
L023,InP (L-series),NR-L023-02,L023-S02,TRC-L023-02,literature_structured,InP/ZnS,hot_injection,no,no,150,30,529,,final_purified,Green InP@ZnS from P4; PL 529±2nm QY 60±2% FWHM 60±1nm; Table 1; InCl3+ZnCl2+OLA 3.3mL; P4-TOP injected at 150C 30min; highest QY tier for this paper; Bang2017 Chem Mater,main_text,1,0,0,0,,0,0,1,0,60,60
L023,InP (L-series),NR-L023-03,L023-S03,TRC-L023-03,literature_structured,InP/ZnS,hot_injection,no,no,180,30,555,,final_purified,Yellow InP@ZnS from P4; PL 555±2nm QY 63±1% FWHM 69±2nm; Table 1; same InCl3+ZnCl2 but 180C for larger core; highest QY in paper (63%); Bang2017 Chem Mater,main_text,1,0,0,0,,0,0,1,0,63,69
L023,InP (L-series),NR-L023-04,L023-S04,TRC-L023-04,literature_structured,InP/ZnS,hot_injection,no,no,180,30,595,,final_purified,Orange InP@ZnS from P4; PL 595±2nm QY 40±3% FWHM 77±1nm; Table 1; half OLA (1.65mL) for larger core; P4-TOP at 180C 30min; Bang2017 Chem Mater,main_text,1,0,0,0,,0,0,1,0,40,77
L023,InP (L-series),NR-L023-05,L023-S05,TRC-L023-05,literature_structured,InP/ZnS,hot_injection,no,no,210,20,635,,final_purified,Red InP@ZnS from P4; PL 635±3nm QY 18±2% FWHM 76±1nm; Table 1; half OLA; P4-TOP at 210C with 2-step injection (10+10min = 20min total); secondary P4 injection for further core growth; Bang2017 Chem Mater,main_text,1,0,0,0,,0,0,1,0,18,76
L024,InP (L-series),NR-L024-01,L024-S01,TRC-L024-01,literature_structured,InZnP/InGaP/GaP/ZnSeS,hot_injection,no,no,270,120,565,,final_purified,InZnP/InGaP/GaP/ZnSeS multishell QD via Ga-for-Zn cation exchange; PL 565nm QY 75% FWHM 52nm; Hens/Houtepen group TU Delft/IIT; complex multi-step: (1) InZnP core In(OAc)3+Zn(OAc)2+PA in ODE heated 250C → P(TMS)3 injected → 270C 2h core growth; (2) Ga3+→Zn2+ CE at 200C with Ga(OA)3; (3) GaP shell P(TMS)3+Ga at 150-200C; (4) ZnSeS outer shell Zn stearate+TOP-Se+TOP-S at 300C 20min; route=hot_injection (CE/GaP/ZnSeS shell detail in notes only; no new route vocabulary); system_tag=InZnP/InGaP/GaP/ZnSeS (approved as-is; not simplified); open_access CC-BY-NC-ND; Pietra2017 Chem Mater,main_text,1,0,0,0,,0,0,1,0,75,52
L025,InP (L-series),NR-L025-01,L025-S01,TRC-L025-01,literature_structured,InP/ZnSeS/ZnS,hot_injection,no,no,250,2,525,,final_purified,InP_S: P(TMS)3 core 250C/2min; gradient ZnSeS (4 steps 200-300C) + ZnS outer; QY 95% absolute integrating sphere; FWHM 35nm; Shim2023 ACS Appl Nano Mater,main_text,1,0,0,0,,0,0,1,0,95,35
L025,InP (L-series),NR-L025-02,L025-S02,TRC-L025-02,literature_structured,InP/ZnSeS/ZnS,hot_injection,no,no,180,1,525,,final_purified,InP_A: P(DMA)3 aminophosphine core 180C/1min; identical shell as S01; QY 85% absolute integrating sphere; FWHM 36nm; Shim2023 ACS Appl Nano Mater,main_text,1,0,0,0,,0,0,1,0,85,36
L026,InP (L-series),NR-L026-01,L026-S07,TRC-L026-01,literature_structured,InP/ZnSeS/ZnS,hot_injection,no,no,200,30,646,,final_purified,InP/ZnSeS/ZnS control (no Ga); (DMA)3P core 200C/30min; gradient ZnSeS + ZnS; QY 36% absolute (FLS1000 integrating sphere 365nm); FWHM 67nm; Song2024 Nano Res,main_text,1,0,0,0,,0,0,1,0,36,67
L026,InP (L-series),NR-L026-02,L026-S08,TRC-L026-02,literature_structured,H-InP/ZnSeS/ZnS,hot_injection,no,no,200,30,647,,final_purified,H-InP/ZnSeS/ZnS heat control; 300C/30min heat without GaI3; QY 46% absolute; FWHM 74nm broadened; Song2024 Nano Res,main_text,1,0,0,0,,0,0,1,0,46,74
L026,InP (L-series),NR-L026-03,L026-S09,TRC-L026-03,literature_structured,Ga-InP/ZnSeS/ZnS,hot_injection,no,no,200,30,640,,final_purified,Ga-InP/ZnSeS/ZnS PRIMARY; GaI3 cation exchange 300C/30min; QY 60% (max 62%) absolute; FWHM 67nm; NEW system_tag; Song2024 Nano Res,main_text,1,0,0,0,,0,0,1,0,60,67
L028,InP (L-series),NR-L028-01,L028-S01,TRC-L028-01,literature_structured,InP/ZnSe/ZnS,hot_injection,no,no,180,30,607,,final_purified,Red: DEA3P aminophosphine core InCl3+ZnCl2+OLA 180C/30min; interfacial treatment TBA HFP+water; ZnSe shell TOP-Se 330C/28-60min; ZnAc2; ZnS TOP-S 300C/1h; DDT; PL 607nm QY 95% FWHM 45.5nm; absolute QY integrating sphere; Avermaet2022 ACS Nano,main_text,1,1,0,0,,0,0,1,0,95,45.5
L028,InP (L-series),NR-L028-02,L028-S02,TRC-L028-02,literature_structured,InP/ZnSe/ZnS,hot_injection,no,no,180,30,562,,final_purified,Amber1: conditions_inherited from S01; PL 562nm QY 82% FWHM 48nm; Table 2; Avermaet2022 [shared_protocol: T/time inherited from L028-S01]; [VERIFY-NOTE 2026-04-06: time_min=30 is inferred from red protocol (SI S2.2). Amber-specific core growth time not explicitly stated.],main_text,1,1,0,0,,0,0,1,1,82,48
L028,InP (L-series),NR-L028-03,L028-S03,TRC-L028-03,literature_structured,InP/ZnSeS/ZnS,hot_injection,no,no,180,30,552,,final_purified,"Amber2: Zn(Se,S)_{75,25} alloy shell; conditions_inherited; PL 552nm QY 87% FWHM 53nm; Table 2; Avermaet2022 [shared_protocol: T/time inherited from L028-S01]; [VERIFY-NOTE 2026-04-06: time_min=30 is inferred from red protocol (SI S2.2). Amber-specific core growth time not explicitly stated.]",main_text,1,1,0,0,,0,0,1,1,87,53
L028,InP (L-series),NR-L028-04,L028-S04,TRC-L028-04,literature_structured,InP/ZnSeS/ZnS,hot_injection,no,no,180,20,517.5,,final_purified,"Green: InBr3+ZnBr2 core DEA3P 180C/20min; Zn(Se,S)_{25,75} 3:1 S:Se 300C/80min; ZnAc2+ZnS; PL 517.5nm QY 100% FWHM 45nm; absolute QY; 10g scale QY 85%; Avermaet2022",supplementary_text,1,1,0,0,,0,0,1,0,100,45
L028,InP (L-series),NR-L028-05,L028-S05,TRC-L028-05,literature_structured,InP/ZnSeS/ZnS,hot_injection,no,no,180,12,483,,final_purified,"Cyan1: InI3+ZnI2 core DEA3P 180C/12min; Zn(Se,S)_{10,90} 9:1 S:Se 300C/80min; ZnAc2+ZnS; PL 483nm QY 82% FWHM 46nm; absolute QY; Avermaet2022",supplementary_text,1,1,0,0,,0,0,1,0,82,46
L028,InP (L-series),NR-L028-06,L028-S06,TRC-L028-06,literature_structured,InP/ZnS,hot_injection,no,no,180,30,491,,final_purified,Cyan2: InP/ZnS only; PL 491nm QY 92% FWHM 55.5nm; broader FWHM from direct ZnS strain; Table 2; Fig 8b; Avermaet2022 [shared_protocol: T/time inherited from L028-S01],main_text,1,1,0,0,,0,0,1,0,92,55.5
L029,InP (L-series),NR-L029-01,L029-S01,TRC-L029-01,literature_structured,InP/ZnSeS/ZnS,hot_injection,no,no,180,2,527,,final_purified,Green best: DMA3P 180C/2min; size-fractionated; 4-step ZnSeS gradient 270C; ZnS 230C; PL 527nm QY 87% FWHM 37nm; absolute QY QE-2000; Jo2020,main_text,1,0,0,0,,0,0,1,0,87,37
L029,InP (L-series),NR-L029-02,L029-S02,TRC-L029-02,literature_structured,InP/ZnSeS/ZnS,hot_injection,no,no,180,2,530,,final_purified,"One-pot green: same recipe no fractionation; PL 530nm QY 82% FWHM 50nm; absolute QY; Jo2020 [shared_protocol: T/time inherited from L029-S01]; [VERIFY-FIX 2026-04-06: PL_peak_nm_final 527→530, text p.1974 ""green (530 nm) QDs""; Fig S2a peak 530nm; 527nm was S01 value erroneously copied]",main_text,1,0,0,0,,0,0,1,0,82,50
L032,InP (L-series),NR-L032-01,L032-S01,TRC-L032-01,literature_structured,In(Zn)P/ZnSe,hot_injection,no,no,270,120,,,final_purified,"Lattice-matched In(Zn)P/ZnSe Zn/In=2.0; QY 60% absolute (Philips PTI); PL ~490nm figure-derived; P(TMS)3 injected at 300C then held at 270C/120min; ZnSe 280C; Pietra2016 ACS Nano; [VERIFY-FIX 2026-04-06: T_growth_C 185→270, time_min 15→120. p.4759 ""heating to 300C...injected...temperature lowered to 270C and held for 2h"". 185C not in paper. 15min was SI Fig S14 shell growth timepoint] [HALLUC-PATCH: PL 490→blank; 490 was likely absorption peak (Fig 3b/4b), not PL emission. Core/shell PL only in SI Fig S14 (38MB, unverifiable). cc+1]",main_text,1,0,0,0,,0,0,1,2,60,
L033,InP (L-series),NR-L033-01,L033-S01,TRC-L033-01,literature_structured,InP/ZnS,hot_injection,no,no,185,15,530,,final_purified,Green with water: InCl3·4H2O+ZnSt2+OLA (DMA)2P 185C/15min; ZnS TOP-S 280C 2x30min; PL 530nm QY 45% FWHM 46nm; absolute QY; 10-batch repro; Ramasamy2016,main_text,1,0,0,0,,0,0,1,0,45,46
L033,InP (L-series),NR-L033-02,L033-S02,TRC-L033-02,literature_structured,InP/ZnS,hot_injection,no,no,185,15,625,,final_purified,Red without water: anhydrous InCl3 dried 120C/2h; same shell; PL 625nm QY 33% FWHM 66nm; absolute QY; Ramasamy2016,main_text,1,0,0,0,,0,0,1,0,33,66
L034,InP (L-series),NR-L034-01,L034-S01,TRC-L034-01,literature_structured,InP/ZnSe,hot_injection,no,no,180,20,629,,final_purified,InP/ZnSe; InCl3+ZnCl2+OLA TDAP 180C/20min; ZnSe TOP-Se ramp to 320C 240min; PL 629nm QY 65% FWHM 47nm; near-blinking-free; Chandrasekaran2017 Nano Lett,supplementary_text,1,0,0,0,,0,0,1,0,65,47
L035,InP (L-series),NR-L035-01,L035-S01,TRC-L035-01,literature_structured,InP/ZnSe,hot_injection,no,no,180,20,554,,final_purified,"InP/ZnSe: P(NEt2)3 aminophosphine 180C/20min; ZnSe shell TOP-Se+Zn(St)2 180→320C; FWHM 47nm QY 50% text; PL ~554nm figure-derived (cc=1); Tessier2016 JACS; [VERIFY-FIX 2026-04-06: time_min 30→20, SI S1.2 (554nm InI3+ZnI2 protocol) ""InP core reaction occurs during 20 minutes""; 30min is InCl3 protocol for 613nm sample]",main_text,1,0,0,0,,0,0,1,1,50,47
L036,InP (L-series),NR-L036-01,L036-S01,TRC-L036-01,literature_structured,InP/ZnS,hot_injection,no,no,200,20,468,,final_purified,BLUE InP/ZnS: InI3+ZnI2+OLA (DMA)3P 200C/20min; DDT+ZnSt 300C/45min ZnS; PL 468nm QY 45% FWHM 47nm; shortest wavelength InP; Zhang2020 Adv Funct Mater,main_text,1,0,0,0,,0,0,1,0,45,47
L036,InP (L-series),NR-L036-02,L036-S02,TRC-L036-02,literature_structured,InP/ZnS/ZnS,hot_injection,no,no,200,20,468,,final_purified,BLUE InP/ZnS/ZnS: double shell S-TOP+Zn(OA)2 250C/60min; PL 468nm QY ~40% FWHM 47nm; improved stability; EQE 1.7%; Zhang2020 [shared_protocol: T/time inherited from L036-S01],main_text,1,0,0,0,,0,0,1,0,40,47
L037,InP (L-series),NR-L037-01,L037-S01,TRC-L037-01,literature_structured,InP/ZnSe,hot_injection,no,no,250,20,683.5,650.1,final_purified,DEEP RED InP/ZnSe single shell: InCl3(1mmol)+ZnCl2(2.2mmol)+OLA degassed 140C; (DMA)3P 250C/20min core; Zn+Se precursors 270C/180min ZnSe shell; PL 683.5nm QY 45% FWHM 53nm; Table S1 explicit; core PL 650nm; shared core protocol with S02/S03; Huang2023 Adv Opt Mater [shared_protocol: T/time inherited from L037-S03],main_text,1,0,0,0,,0,0,1,0,45,53
L037,InP (L-series),NR-L037-02,L037-S02,TRC-L037-02,literature_structured,InP/ZnSe/ZnSeS,hot_injection,no,no,250,20,680.3,650.1,final_purified,DEEP RED InP/ZnSe/ZnSeS with transition layer: same core as S01; ZnSe inner 270C/180min + ZnSeS transition 280C/120min; PL 680.3nm QY 90% FWHM 58.8nm; Table S1 explicit; core PL 650nm; transition layer reduces lattice mismatch; Huang2023 [shared_protocol: T/time inherited from L037-S03],main_text,1,0,0,0,,0,0,1,0,90,58.8
L037,InP (L-series),NR-L037-03,L037-S03,TRC-L037-03,literature_structured,InP/ZnSe/ZnSeS/ZnS,hot_injection,no,no,250,20,680,650.1,final_purified,DEEP RED InP/ZnSe/ZnSeS/ZnS full multi-shell REPRESENTATIVE: same core; ZnSe 270C/180min + ZnSeS 280C/120min + ZnS outer 280C (DDT); PL 680nm QY 95% FWHM 66nm; highest deep-red PLQY for InP; Table S1 explicit; QLED EQE 6.5% luminance 2263 cd/m2; core size 5.3nm final 10.5nm; Huang2023,main_text,1,0,0,0,,0,0,1,0,95,66
L038,InP (L-series),NR-L038-01,L038-S01,TRC-L038-01,literature_structured,InP/ZnS,hot_injection,no,no,200,,425,,final_purified,BLUE Cu-assisted InP/ZnS: InCl3+ZnCl2+CuBr(0.45mmol)+OLA; (DMA)3P 200C Cu-assisted core; multi-step ZnS 200→260C; PL ~425nm QY 25% FWHM 72nm; text p.3 explicit; PL range ~420-425nm (text says both); band-gap emission confirmed NOT trap (PLE 355nm band-edge; XPS no Cu in lattice); Cu role=competitive nucleation with Cu3-xP→ultrasmall InP cores; FWHM broad due to ultrasmall size distribution; approve_with_note: PL range ambiguity preserved; Huang2019 J Phys Chem Lett; [VERIFY-FIX 2026-04-06: time_min 60→blank. Cu-assisted route core growth hold time not explicitly stated in paper. Conventional route = 60 min but not confirmed for Cu-assisted. SI p.3 60min=conventional InP only; SI p.4 60min=ZnS shelling step],main_text,1,0,0,0,,0,0,1,1,25,72
L038,InP (L-series),NR-L038-02,L038-S02,TRC-L038-02,literature_structured,InP/ZnS,hot_injection,no,no,200,60,630,,final_purified,RED conventional InP/ZnS control (no Cu): same protocol without CuBr; PL ~630nm QY 36% FWHM 61nm; text p.2 explicit; standard InP/ZnS synthesis; conventional comparison for Cu-assisted S01; approve_with_note: control row with low gap priority; Huang2019 [shared_protocol: T/time inherited from L038-S01],main_text,1,0,0,0,,0,0,1,1,36,61
L039,InP (L-series),NR-L039-01,L039-S01,TRC-L039-01,literature_structured,InP/ZnSeS/ZnS,hot_injection,no,no,140,60,500,,final_purified,"InP/ZnSeS/ZnS In:Zn=1:0 (no Zn in core): InI3+OLA+ODE; (DMA)3P 140C/60min core; ZnSeS 280C + ZnS 220C/60min; PL 500nm QY 60% FWHM 44nm; figure-derived PL+QY (Fig 1c-d); FWHM from text range 44-46nm; approve_with_note: figure-derived cc=1; cyan range; base formulation without Zn modification; Jiang2024 ACS Appl Nano Mater; [VERIFY-FIX 2026-04-06: T_growth_C 200→140. Experimental: 120°C=degas, 140°C=core growth (P injection + 60min hold). 200°C does not exist in core synthesis. Previous REPAIR C-2 correction was erroneous.]",main_text,1,0,0,0,,0,0,1,1,60,44
L039,InP (L-series),NR-L039-02,L039-S02,TRC-L039-02,literature_structured,InP/ZnSeS/ZnS,hot_injection,no,no,140,60,478,,final_purified,"In(Zn)P/ZnSeS/ZnS In:Zn=1:1 (Zn-doped core): InI3+Zn(Ac)2+OLA+ODE; (DMA)3P 140C/60min core; same shell as S01; PL 478nm QY 72% FWHM 46nm; PL from text+Fig 1c; QY text-explicit; FWHM text range; approve_with_note: mixed provenance cc=1; Zn doping shrinks core→blue shift; Jiang2024; [VERIFY-FIX 2026-04-06: T_growth_C 200→140. Experimental: 120°C=degas, 140°C=core growth (P injection + 60min hold). 200°C does not exist in core synthesis. Previous REPAIR C-2 correction was erroneous.]",main_text,1,0,0,0,,0,0,1,1,72,46
L039,InP (L-series),NR-L039-03,L039-S03,TRC-L039-03,literature_structured,InP/ZnSeS/ZnS,hot_injection,no,no,140,60,457,,final_purified,"In(ZnGa)P/ZnSeS/ZnS REPRESENTATIVE: In:Zn=1:1 + GaI3(0.45mmol) Ga cation-exchange at 240C/30min; same shell + optimized 160min; PL 457nm QY 84% FWHM 52nm; Table 2 explicit; 450-500nm band (NOT <450); Zn+Ga double modification shrinks core + widens band gap via cation exchange; core size 2.55nm; Jiang2024; [VERIFY-FIX 2026-04-06: T_growth_C 200→140. Experimental: 120°C=degas, 140°C=core growth (P injection + 60min hold). 200°C does not exist in core synthesis. Previous REPAIR C-2 correction was erroneous.]",main_text,1,0,0,0,,0,0,1,0,84,52
L040,InP (L-series),NR-L040-01,L040-S01,TRC-L040-01,literature_structured,InP/ZnSe/ZnS,hot_injection,no,no,200,20,627,,final_purified,RED InP/ZnSe/ZnS Ga-free base case (GaI3=0.00mmol): [In(btsa)2Cl]2+ZnCl2+OAm; P(DMA)3 200C/20min core; ZnSe 200-290C + ZnS 300C/60min + OTT+Zn(ac)2 ligand treatment; PL 627nm QY 32% FWHM 59nm; Table S1+Table 1 explicit; Ga composition series base (x=0); system_tag=InP/ZnSe/ZnS because no Ga in core; Duah2025 Molecules,main_text,1,1,0,0,,0,0,1,0,32,59
L040,InP (L-series),NR-L040-02,L040-S02,TRC-L040-02,literature_structured,In(Ga)P/ZnSe/ZnS,hot_injection,no,no,200,20,585,,final_purified,YELLOW In(Ga)P/ZnSe/ZnS (GaI3=0.25mmol): same protocol + 0.25mmol GaI3 during core; PL 585nm QY 50% FWHM 62nm; Table S1+Table 1 explicit; BEST QY in series; Ga incorporation confirmed by XPS (Fig 3b); estimated ~40% Ga at surface; ligand-treated; Duah2025 [shared_protocol: T/time inherited from L040-S01],main_text,1,1,0,0,,0,0,1,0,50,62
L040,InP (L-series),NR-L040-03,L040-S03,TRC-L040-03,literature_structured,In(Ga)P/ZnSe/ZnS,hot_injection,no,no,200,20,539,,final_purified,GREEN In(Ga)P/ZnSe/ZnS (GaI3=0.50mmol): same protocol + 0.50mmol GaI3; PL 539nm QY 31% FWHM 50nm; Table S1+Table 1 explicit; Ga composition ~70.4% (ICP-implied); ligand-treated; Duah2025 [shared_protocol: T/time inherited from L040-S01],main_text,1,1,0,0,,0,0,1,0,31,50
L041,InP (L-series),NR-L041-01,L041-S01,TRC-L041-01,literature_structured,In(Ga)P/ZnS,hot_injection,no,no,300,,470,,final_purified,BLUE In(Ga)P/ZnS REPRESENTATIVE: TMGa monomeric Ga carboxylate Ga(LA)3; In(LA)3+Ga(LA)3 Ga/In feed=1; TMS3P 300C core; In0.6Ga0.4P (ICP-OES); ZnCl2 surface passivation; double-step ZnS (ZnCl2-OAm 300C/30min inner + Zn(OA)2-DDT 300C/20min outer); PL 470nm QY 67% FWHM 40nm; text p.7 explicit; 450-500nm blue-edge band; core 2.3nm total 6.34nm; QLED turn-on 2.6V; narrowest FWHM among blue InGaP (Table S4); Kim2025 Inorg Chem Front,main_text,1,0,0,0,,0,0,1,0,67,40
L042,InP (L-series),NR-L042-01,L042-S01,TRC-L042-01,literature_structured,InP/ZnS/ZnS,hot_injection,no,no,200,2,485,,final_purified,InP/ZnS/ZnS UNETCHED (HF=0mL): InI3+ZnBr2+OLA; P(DMA)3 200C/2min core; ZnS 1st 250C/45min + ZnS 2nd 300C/70min; PL 485nm QY 81% FWHM 48nm; text p.4; HF dose series baseline; Zhang2025 ACS Appl Electron Mater,main_text,1,0,0,0,,0,0,1,0,81,48
L042,InP (L-series),NR-L042-02,L042-S05,TRC-L042-02,literature_structured,InP/ZnS/ZnS,hot_injection,no,no,200,2,479,,final_purified,InP/ZnS/ZnS HF=0.05mL: same core + HF 120C/5min + same ZnS/ZnS shell; PL 479nm QY 85%; text p.4; BEST QY in series; 450-500nm band; Zhang2025 [shared_protocol: T/time inherited from L042-S01],main_text,1,1,0,0,,0,0,1,0,85,
L042,InP (L-series),NR-L042-03,L042-S02,TRC-L042-03,literature_structured,InP/ZnS/ZnS,hot_injection,no,no,200,2,466,,final_purified,InP/ZnS/ZnS HF=0.10mL: HF etching removes InPOx/In2O3 + reduces core; PL 466nm QY 73% FWHM 47nm; Table S1 confirmed final core/shell; PURE BLUE; Zhang2025,main_text,1,1,0,0,,0,0,1,0,73,47
L042,InP (L-series),NR-L042-04,L042-S03,TRC-L042-04,literature_structured,InP/ZnS/ZnS,hot_injection,no,no,200,2,451,,final_purified,InP/ZnS/ZnS HF=0.15mL: PL 451nm QY 52%; Table S1 confirmed final core/shell; 450-500nm band (451>=450 NOT <450); Zhang2025 [shared_protocol: T/time inherited from L042-S01],main_text,1,1,0,0,,0,0,1,0,52,
L042,InP (L-series),NR-L042-05,L042-S04,TRC-L042-05,literature_structured,InP/ZnS/ZnS,hot_injection,no,no,200,2,421,,final_purified,InP/ZnS/ZnS HF=0.20mL: PL 421nm QY 28%; Table S1 confirmed FINAL core/shell; TRUE <450nm — shortest wavelength InP QDs; QY low (28%) due to excessive HF etching; approve_with_note: low QY but valid <450 gap filler; Zhang2025 [shared_protocol: T/time inherited from L042-S01],main_text,1,1,0,0,,0,0,1,1,28,
L043,InP (L-series),NR-L043-01,L043-S01,TRC-L043-01,literature_structured,InP/ZnS,hot_injection,no,no,300,,630,,final_purified,InP/ZnS CONTROL (x=0 no Ga): 4.0nm InP core; ZnS shell (ZnCl2-OAm + TOP-S oxygen-free); PL ~630nm QY 89% FWHM 57nm; composition series baseline; NOT F6 (pure InP); PL figure-derived (Fig 4D); approve_with_note: PL cc=1; control row; Gupta2023 JACS,main_text,1,0,0,0,,0,0,1,1,89,57
L043,InP (L-series),NR-L043-02,L043-S02,TRC-L043-02,literature_structured,In(Ga)P/ZnS,hot_injection,yes,yes,300,,590,,final_purified,In0.86Ga0.14P/ZnS (x=0.14): 4.0nm InP → molten-salt KGaI4 cation exchange → In0.86Ga0.14P; ZnS shell; PL ~590nm QY 89% FWHM 57nm; brightest alloy; F6 anchor; PL figure-derived (Fig 4D); ssNMR alloy confirmed; approve_with_note: PL cc=1; Gupta2023,main_text,1,0,0,0,,0,0,1,1,89,57
L043,InP (L-series),NR-L043-03,L043-S03,TRC-L043-03,literature_structured,In(Ga)P/ZnS,hot_injection,yes,yes,300,,,,final_purified,"In0.65Ga0.35P/ZnS (x=0.35): cation exchange → alloy; ZnS shell; PL blank (was 530nm, withdrawn); QY 75% FWHM 60nm; F6 alloy; ssNMR confirmed; yellow emission per Fig S7B/S11J; Gupta2023 [shared_protocol: T/time inherited from L043-S02]; [VERIFY-FIX 2026-04-06: PL_peak_nm_final 530→blank. 4nm/x=0.35 sample shows ~560-580nm (yellow) in Fig S7B/S11J. 530nm was 3.2nm small InP population (green) confusion. ""text p.5 explicit"" source claim not supported. Human review needed for figure estimate.]",main_text,1,0,0,0,,0,0,1,0,75,60
L044,InP (L-series),NR-L044-01,L044-S01,TRC-L044-01,literature_structured,In(Ga)P/ZnSeS/ZnS,hot_injection,no,no,180,3,475,,final_purified,InGaP/ZnSeS/ZnS (Ga=0.68mmol): InP core 180C/3min; In3+-to-Ga3+ cation exchange 280C/30min; ZnSeS inner (Se=0.1mmol ZnSe-less) 280C/60min + ZnS outer 220C/60min; PL 475nm QY ~80% FWHM ~47nm; PL text-explicit; QY REPAIRED 68→80% (68% was unalloyed InP baseline); text says 80-82% for all InGaP; cc=1 PL figure-supported; F6 new sys_tag; Kim2020 Chem Mater,main_text,1,0,0,0,,0,0,1,1,68,47
L044,InP (L-series),NR-L044-02,L044-S02,TRC-L044-02,literature_structured,In(Ga)P/ZnSeS/ZnS,hot_injection,no,no,180,3,470,,final_purified,InGaP/ZnSeS/ZnS (Ga=0.9mmol): same protocol; PL ~470nm QY ~81% FWHM ~46nm; QY REPAIRED 75→81% (text: 80-82%); PL figure-derived cc=1; F6; Kim2020,main_text,1,0,0,0,,0,0,1,1,75,46
L044,InP (L-series),NR-L044-03,L044-S03,TRC-L044-03,literature_structured,In(Ga)P/ZnSeS/ZnS,hot_injection,no,no,180,3,465,,final_purified,InGaP/ZnSeS/ZnS REPRESENTATIVE (Ga=1.35mmol): PL 465nm QY 80% FWHM ~46nm; text p.5+Conclusions explicit; F6 new sys_tag In(Ga)P/ZnSeS/ZnS; QLED EQE 2.5% 1038cd/m2; Kim2020 [shared_protocol: T/time inherited from L044-S01],main_text,1,0,0,0,,0,0,1,0,80,46
L045,InP (L-series),NR-L045-01,L045-S02,TRC-L045-01,literature_structured,InP/ZnS/ZnS,hot_injection,no,no,140,2,474,,final_purified,InP/ZnS/ZnS Br-passivated MAIN representative: InI3+ZnBr2+OLA + (DMA)3P; core at 140C/2min; ZnS 1st at 250C/40min (S-TOP+Zn stearate); ZnS 2nd with DDT at 250C; PL 474nm QY 93% FWHM 47nm; size 6.2nm; HIGHEST blue InP QY reported; Zhang2022 Adv Opt Mater; T/time = core synthesis stage; second ZnS shell time blank (not in pages 1-5),main_text,1,0,0,0,,0,0,1,0,93,47
L045,InP (L-series),NR-L045-02,L045-S04,TRC-L045-02,literature_structured,InP/ZnS/ZnS,hot_injection,no,no,140,2,474,,final_purified,InP/ZnS/ZnS-OT after DDT->OT ligand exchange: parent S02 + OT exchange at 250C/30min; PL 474nm QY 92% (slight decrease from 93%); first exciton 431nm; postprocess_present_flag=1; same core T/time as parent; representative for 'after ligand exchange' state; Zhang2022,main_text,1,1,0,0,,0,0,1,0,92,
L046,InP (L-series),NR-L046-01,L046-S03,TRC-L046-01,literature_structured,InP/ZnSe/ZnS,hot_injection,no,no,230,30,721,,final_purified,"InP/ZnSe/ZnS pre-Al2O3 representative: InP core (tris(diethylamino)phosphine + In(I)Cl at 230C, time blank in main pages) + ZnSe shell at 320C/40min + ZnS shell at 300C/60min; PL 721nm QY 38.3% FWHM 107meV; size 11.1nm; deep red; Saha2024 Small open access; T_growth = core temperature; core time blank pending SI; option_A approved: InP/ZnSe/ZnS canonical tag [EXTGAP-FILL: t blank→30 (Exp Sec p.7 ""maintained for 30 min for the growth of the InP QDs"")]",main_text,1,0,0,0,,0,0,1,0,38.3,
L046,InP (L-series),NR-L046-02,L046-S04,TRC-L046-02,literature_structured,InP/ZnSe/ZnS,hot_injection,no,no,230,30,725,,final_purified,"InP/ZnSe/ZnS/Al2O3 deep red MAIN representative: parent S03 + Al(IPA)3 amorphous coating at 230C/3h; PL 725nm QY 42.5% FWHM 107meV (45nm); size 11.5nm; option_A APPROVED at GATE-L046-006: system_tag=InP/ZnSe/ZnS (not composite) + postprocess_present_flag=1 (Al2O3 amorphous post-coating, NOT epitaxial shell); shell_present_flag=1 from ZnSe+ZnS only; UNIQUE >700nm InP candidate; deep_red >650nm gap fill; Saha2024 Small open access [EXTGAP-FILL: t blank→30 (Exp Sec p.7 ""maintained for 30 min for the growth of the InP QDs"")]",main_text,1,1,0,0,,0,0,1,0,42.5,45
L047,InP (L-series),NR-L047-01,L047-S04,TRC-L047-01,literature_structured,In(Zn)P/ZnS,hot_injection,no,no,200,20,466,,final_purified,"In(Zn)P/ZnS narrow blue MAIN representative: InCl3+ZnI2+OAm; degassed 130C/1h; core at 200C/20min via (DMA)3P injection; Zn(ClO4)2 (0.55 mmol) injected 3min after P; ZnS shell DDT+ZnSt2+ODE at 300C/45min; PL 466nm FWHM 41nm QY 34%; In:Zn=1:1.33; option_A APPROVED at GATE-L047-006: NEW system_tag In(Zn)P/ZnS registered (alloy core, NOT pure InP, distinct from L032 InZnP/ZnSe lattice-matched); narrowest blue In(Zn)P FWHM reported; Zhou2023 Adv Opt Mater (reference-derived from L042 ref 26)",main_text,1,0,0,1,In:Zn_mol_ratio,0,0,1,0,34,41
L047,InP (L-series),NR-L047-02,L047-S03,TRC-L047-02,literature_structured,In(Zn)P/ZnS,hot_injection,no,no,200,20,478,,final_purified,In(Zn)P/ZnS without Zn(ClO4)2 control: same core synthesis without Zn(ClO4)2 injection; same ZnS shell protocol (300C/45min); PL 478nm FWHM 49nm QY 31%; In:Zn=1:0.88; serves as comparison row to NR-L047-01 to show Zn(ClO4)2 effect on bandgap/FWHM; Zhou2023; option_A In(Zn)P/ZnS new tag applies,main_text,1,0,0,1,In:Zn_mol_ratio,0,0,1,0,31,49
L048,InP (L-series),NR-L048-01,L048-S04,TRC-L048-01,literature_structured,InP/GaP/ZnS/ZnS,hot_injection,no,no,200,,,,final_purified,"InP/GaP/ZnS/ZnS thick shell blue MAIN representative: SI Experimental — 0.24 mmol In acetate + 1 mmol Zn acetate + 2.17 mmol myristic acid + 4 mL ODE → 120C/1h; Ga precursor (0.068 mmol GaCl3) + P precursor (0.26 mmol (TMS)3P) added at RT; mixture heated to 200C → fast inject 1.4 mmol OT → 5 min at 300C (first ZnS shell); thick outer ZnS via 12 mL Zn stock (4 mmol ZnO + 4 mL OA) + 1 mL OT slowly added within 90 min at high T; size 7.0±0.9 nm (text+abstract); QY 81% (text+abstract+SI Fig S6 solution); FWHM 45 nm (text+abstract). PL_peak_nm_final BLANK per option_A_revised at GATE-L048-006: no explicit solution PL peak number in main text, table, or caption — Fig 2a + SI Fig S3a/S3b show solution PL spectra visually ~485 nm but figure-only (no numeric). EL @5V = 488 nm (main p.964; Fig 4f) is solid-film device measurement explicitly red-shifted from solution PL — modality mismatch — NOT used as PL_peak_nm_final. Device metrics (separate): EQE 1.01% optimized, brightness 3120 cd/m². T_growth_C=200 from SI Experimental (heating endpoint before OT injection); core hold time blank (immediate ramp 200C→300C with no explicit InP/GaP hold). NEW system_tag InP/GaP/ZnS/ZnS pending truth gate vocabulary registration (4-layer with GaP bridge; verified absent in spine 19-tag vocab via INC-018 process improvement enumeration check; distinct from L019/L020 single-ZnS InP/GaP/ZnS). INC-019: shortlist had wrong InP/ZnS/ZnS, corrected to actual InP/GaP/ZnS/ZnS at round1 intake. INC-001: DOI corrected from 9b03059 to 9b03567. Zhang2020 J Phys Chem Lett, 11, 960-967.",main_text,1,0,0,0,,0,0,1,3,81,45
L049,InP (L-series),NR-L049-01,L049-S01,TRC-L049-01,literature_structured,InP/ZnSe/ZnS,hot_injection,no,no,305,40,606,,final_purified,"InP-HF/ZnSe/ZnS mid-sized 13.4 nm BASE representative: SI Section 4 Experimental — In(OAc)3 1 mmole + OA 3.4 mmole + 20 mL ODE in 100 mL flask; degassed 150C; cooled 30-32C; injected 5 mmole P(TMS)3 + 6.66 mL TOP; heated to 305C at 20C/min ramp; held 1 min; slow injection In(OA)3 + 0.05M P(TMS)3/TOP via syringe pump 25 mL/h × 40 min; 800 µL TOPSe added; cooled. HF one-off treatment at 150C (replaces in-situ HF). ZnSe shell ~3h + ZnS shell ~6h via syringe pump injection. Table 1 row 1 explicit: PL 606 nm, PLQY 99.9%, FWHM 37.2 nm; size 13.4 nm. T_growth_C=305 (core growth at 305C, slow injection 40 min explicit). 6 sub-variants in mid-sized series (606-630nm tunable by InP core size); chose 606nm as smallest/baseline representative (highest QY 99.9%). CAUTION: PL 606-630nm SATURATED zone — coverage value low. Existing system_tag (count was 32, increases to +1). Chen2025 Adv Mater, 37, 2407026.",main_text,1,0,0,0,,0,1,1,1,99.9,37.2
L049,InP (L-series),NR-L049-02,L049-S05,TRC-L049-02,literature_structured,InP/ZnSe/ZnSeS/ZnS,hot_injection,no,no,305,40,630,,final_purified,"InP-HF/ZnSe/ZnSeS/ZnS ULTRA-LARGE 20.8 nm dual Se/S precursor MAIN morphology novelty: same InP core protocol as S01 (305C/40min slow injection); HF one-off 150C; ZnSe layer first ~2h; then dual Se/S precursor (TOPSe + TOPS premixed Se/S=25/75 molar ratio) for ZnSeS gradient interlayer ~2h; ZnS outer shell ~12h total. Final size 20.8 nm shield-like morphology (Fig 4); PL 630 nm; PLQY ~90% (abstract: ≈90%); FWHM 42.6 nm (abstract). Stress-released morphological shell — main paper innovation. Existing system_tag InP/ZnSe/ZnSeS/ZnS (count was 2, increases to +1). T_growth_C=305 (core); time_min=40 (core slow injection). CAUTION: PL 630nm SATURATED zone — morphology novelty justifies inclusion despite saturation. Continuous slow injection rates explicit (Fig 2a slow growth path); injection_rate_reported_flag=1. Chen2025 Adv Mater, 37, 2407026.",main_text,1,0,0,0,,0,1,1,1,90,42.6
L050,InP (L-series),NR-L050-01,L050-S01,TRC-L050-01,literature_structured,InP/ZnMnS/ZnS,hot_injection,no,no,200,20,513,,final_purified,"InP/ZnMnS/ZnS GREEN MAIN representative: main text p.18962-18963 — InX3 (mixed Br/Cl halogen for green core) 0.34 mmol + (DMA)3P 2.4 mmol + 5 mL OLA at 200C/~20 min for InP core; T raised 250C + MnCl2 added 5 min (Mn precursor in situ via OLA); T raised 300C + zinc stearate (in ODE) + DDT (S source) injected 45 min for ZnMnS shell (size 5.3 nm); after purification, outer ZnS via Zn(OA)2 + S-TOP (T/time NOT explicit in main text — SI 0.22 MB short — outer ZnS T/time blank). Final size 7.2 nm. PL ~530 nm (figure-derived from Fig 2A green region; main text gives '470 to 620 nm' range with green being mid). QY 80% (text+abstract HIGHEST in halogen series). FWHM 62 nm (text explicit: 'FWHM of blue, green, and red QDs are 47, 62, and 81 nm'). T_growth_C=200 (core P injection); time_min=20 (core hold). NEW system_tag InP/ZnMnS/ZnS — verified absent in spine 19-tag vocab via INC-018 process improvement enumeration check; ZnMnS = Zn1-xMnxS alloy intermediate shell where Mn²⁺ replaces Zn²⁺ (lattice mismatch 4.3% vs ZnS 7.7%); GENUINELY new (unlike L047 In(Zn)P/ZnS which was pre-existing). CAUTION: outer ZnS shell T/time blank (SI 0.22 MB insufficient); PL_peak figure-derived (medium confidence). Open access (ACS AuthorChoice). Zhang2019 ACS Omega, 4, 18961-18968. [NEARMISS-FIX: PL 530→513; 530 was phantom figure estimate not in paper. Text p.18965: ""PL peak at 513 nm"". Synthesis heading says 515 (nominal). 517 is EL/device.]",main_text,1,0,0,0,,0,0,1,2,80,62
L050,InP (L-series),NR-L050-02,L050-S02,TRC-L050-02,literature_structured,InP/ZnMnS/ZnS,hot_injection,no,no,200,20,470,,final_purified,"InP/ZnMnS/ZnS BLUE: same core+shell protocol as S01 but Cl-only halogen (Br:Cl=0:1 from Fig 2A) for smallest InP core; PL 470 nm (text+abstract explicit endpoint of halogen series); QY 38% (text explicit 'QY 38, 80, 41% blue/green/red'); FWHM 47 nm (text explicit). T_growth_C=200, time_min=20 (same as S01 core protocol). Same NEW system_tag InP/ZnMnS/ZnS as NR-L050-01 (vocabulary registration shared). Blue gap fill candidate (450-500 nm region). CAUTION: outer ZnS T/time blank (same SI limitation as S01). Open access. Zhang2019 ACS Omega.",main_text,1,0,0,0,,0,0,1,1,38,47
L051,InP (L-series),NR-L051-01,L051-S02,TRC-L051-01,literature_structured,InP/ZnSe/ZnS,hot_injection,no,no,290,,620,,final_purified,"InP/ZnSe/ZnS ZnF2-assisted in-situ HF route MAIN rep: source L051-S02, Li2022 Nano Lett 22 4067-4073. QY 90% (text p.4068), FWHM 36 nm (text; abstract 35 nm — rounding variance), PL 620 nm solution (text explicit; distinct from device EL 627-630 nm Stark shift), size ~12 nm total, lifetime ~50.9 ns. Route novelty: ZnF2 + carboxylic acid -> in-situ HF at high T (330 C) -> eliminates InPOx surface oxide; safer alternative to direct HF (cf. L030/L049 family). Shell architecture: ZnSe ~3.8 nm (75 min at 330 C) + ZnS ~0.5 nm (25 min at 330 C). T_growth_C=290 from L051-S01-PE02 P_injection event (initial hot injection trigger temperature; growth temperature drops to 270 C after nucleation per paper). time_min=BLANK per semantic outlier protection: L051-S02 uses dropwise slow P-feeding protocol (L051-S01-PE03, 300 min total at 270 C with variable rate schedule 5 -> 2 -> 1 mL/h) for size-focusing growth; this does NOT match the spine time_min convention (93 existing NRs pre-round3, hot_injection range 1-120 min, median 20, Q3 30, max 120); populating time_min=300 would be 2.5x the current spine maximum — hard semantic outlier that would skew downstream scatter plots and cluster analysis. Blank maintained for cross-paper comparability; full slow-feeding protocol including variable rate schedule preserved in raw_process_events L051-S01-PE03 as source of truth. L049 40-min slow-injection precedent does NOT apply (L049 40 min sits within spine Q3; L051 300 min is outlier-scale). Device metrics (device stage only — not PL_peak_nm_final per L048 modality precedent): EQE 22.2%, brightness >110000 cd/m2, T95 >32000 h @100 cd/m2. Existing system_tag InP/ZnSe/ZnS (count=34 pre-round3). CAUTION: saturated zone 600-650 nm — keep justified by route novelty (ZnF2 in-situ HF) only; coverage value low. CAUTION: time_min blank due to slow-feed semantic outlier (see above). CAUTION: route does NOT distinguish ZnF2-assisted from direct HF under hot_injection label — ZnF2 novelty captured in notes_text + raw events only; sub-qualifier TBD as non-blocking.",main_text,1,0,0,0,,0,0,1,3,90,36
L052,InP (L-series),NR-L052-01,L052-S07,TRC-L052-01,literature_structured,In(Ga)P/ZnS,cation_exchange,no,no,410,60,576,,final_purified,"In(Ga)P/ZnS molten-salt cation exchange MAIN rep: source L052-S07 In0.6Ga0.4P/ZnS, Srivastava2018 JACS 140 12144-12151 (Talapin group, U Chicago + UIC + Argonne). Key metrics: QY 46% solution (text p.12148, Rhodamine 6G reference OD 0.05-0.1), PL 576 nm (Fig 5b), FWHM 50 nm (text + Fig 5 caption). Composition x_Ga: XRD Vegard 0.40 / ICP-OES 0.47 (dual composition reporting standard for alloy QDs). Parent chain: L052-S04 bare In0.6Ga0.4P alloy core (formed from pre-synthesized InP parent core via cation exchange at 410 C / 60 min) -> L052-S07 ZnS shelled final (post-exchange conventional colloidal shelling). Route: cation_exchange (reduced from draft cation_exchange_molten_salt for route granularity consistency with spine convention). Vocabulary reduction rationale: spine 14 existing routes (hot_injection, heating_up, modified_SILAR, aminophosphine, one_pot families) contain ZERO solvent/medium in route names; all qualifiers are method/precursor/scale/chemistry type (MSC_mediated, layer_by_layer, InBr3, GHAS, one_pot_HF, gram_scale). Molten salt identity CsBr:LiBr:KBr eutectic (25:56.1:18.9 mol%, mp 236 C, used 380-450 C) is the reaction medium that enables cation exchange at this high temperature range — classified as medium not method. Medium detail preserved in this notes_text and in raw_process_events L052-S04-PE06/07 as source of truth. Future cation_exchange papers in other media (conventional solvents, supercritical fluids, different salt systems) can reuse the same base route `cation_exchange` with medium noted in row-level notes — prevents vocabulary explosion and preserves scalability. CAUTION: NEW BASE ROUTE vocabulary `cation_exchange` registered via this NR (spine 14 routes pre-round3 had 0 cation_exchange variants). CAUTION: dual composition reporting — XRD Vegard x_Ga=0.40 vs ICP-OES x_Ga=0.47 differ (systematic offset across all compositions in Table S2); both values reported in raw_measurements, normalized row uses XRD 0.40 as canonical. CAUTION: alloy composition series x=0.28-0.78 spans 4 bare alloy cores (L052-S03/S04/S05/S06) differentiated by cation exchange temperature (400/410/420/425 C) not by GaI3 dose; only S07 (x=0.40) and S08 (x=0.50) are ZnS-shelled; S08 not promoted as separate NR due to composition parentage ambiguity (no explicit bare In0.5Ga0.5P core in Table S2; x=0.5 inferred from Fig 5b color interpolation). Out-of-scope note: paper also reports In1-xGaxAs NIR samples (Fig 2b As panels, Fig 7, SI Figs S6/S7/S9/S21-S24); NOT extracted per InP-family scope rule. Existing system_tag In(Ga)P/ZnS (count=3 pre-round3).",main_text,1,0,0,1,molar_Ga/(Ga+In),0,0,1,3,46,50
L053,InP (L-series),NR-L053-01,L053-S03,TRC-L053-01,literature_structured,InP/GaP/ZnS/ZnS,heating_up,no,no,300,,527,,final_purified,"InP/GaP/ZnS/ZnS green thick-shell MAIN rep: source L053-S03, Zhang2019 Adv Opt Mater 7 1801602 (Henan University + Beijing Jiaotong U). Route: conventional heating_up method (P precursor added cold, heated to 300°C) — DISTINCT from L048 hot_injection despite same system_tag. Shell architecture: thick ZnS via 3 slow Zn+OT additions (text says '4th time growth' counting initial 10min OT injection = 4 total ZnS-related events). Key metrics: PL 527 nm solution (text p.4 explicit, 'PL QY of InP/GaP/ZnS//ZnS core/shell QDs can maintain about 70% with emission peak at 527 nm'; Fig 2b labeled 'in solution environment'), QY 70% solution integrating sphere (abstract + p.4 consensus; p.2 intro says 'up to 67%' as lower range), FWHM 58 nm, size 7.2±1.3 nm (abstract + Fig 4b TEM). Device metrics (separate device stage): EL 530 nm (3 nm shift from solution PL), EQE 6.3%, current efficiency 13.7 cd/A, luminance 2938 (paper typo: written 'cd cm⁻²' should be cd/m²). CAUTION: same system_tag as L048 InP/GaP/ZnS/ZnS (registered TG-L048-142 round 2) but distinct route heating_up vs L048 hot_injection + distinct color regime (green vs blue) — complementary pair NOT duplicate; shared author Huaibin Shen only. CAUTION: QY within-paper range 67-70% (using 70% consensus). CAUTION: shell addition count terminology — text '4th time growth' vs methods 'repeated two times' = 3 Zn+OT additions + 1 initial OT. This is the CLEAN PL solution-explicit case contrasting with L048 blank modality-mismatch precedent: L053 has explicit numeric solution PL 527 nm in text. Intake metadata correction: intake pre-check said current efficiency 18 cd/A but paper text prevails at 13.7 cd/A (corrected in intake_record at raw extraction stage). Existing system_tag InP/GaP/ZnS/ZnS (count=1 pre-round3).",main_text,1,0,0,0,,0,0,1,3,70,58
L054,InP (L-series),NR-L054-01,L054-S09,TRC-L054-01,literature_structured,InP/ZnS,aminophosphine,no,no,220,30,720,,final_purified,"InP/ZnS deep red MAIN rep: source L054-S09, Yadav/Reiss 2023 JACS 145 5970-5981 (CEA Grenoble). Key metrics: PL 720 nm (Table 1 canonical; abstract/conclusions quote 728 nm — noted as aspirational, Table 1 used as primary per raw QC decision), QY 8% (Table 1 at 720 nm endpoint; text reports 16% at 700 nm intermediate stage), FWHM 112 meV (text-explicit unit, NOT force-converted to nm; paper also states 48 nm FWHM), tetrahedral InP edge length ~5-10 nm range (core grew larger with InCl halide choice; S09 InCl core 9.4±1.4 nm, core/shell 11.5±1.6 nm). Route novelty chemistry: In(I) halide (InI/InBr/InCl) acts as BOTH indium source AND reducing agent for aminophosphine P(NEt2)3 — zinc-free single-injection method; two coexisting reaction pathways observed by P NMR: reduction of transaminated aminophosphine by In(I) + redox disproportionation. Shelling protocol: low-T (140°C) ZnS shell via zinc diethyldithiocarbamate (ZDC) monomolecular precursor — alternative to conventional high-T ZnS (220-300°C). Core pre-shell surface treatment: room-temperature in-situ HF etching (benzoyl fluoride + octylamine, argon glovebox) → ~80% QY of InP core alone before ZnS shelling. Halide series context: InI/InBr/InCl tune InP core size; InP/ZnS emits 507-728 nm across halide series; only S09 (InCl, largest InP) promoted as NR representative — S07 InI and S08 InBr are series sub-variants documented in notes only. CAUTION 1: Table 1 (720 nm) vs abstract/conclusions (728 nm) — using 720 nm as canonical PL_peak_nm_final. CAUTION 2: PLQY 8% Table 1 at endpoint vs 16% text at intermediate 700 nm — using 8% canonical. CAUTION 3: FWHM preserved in meV unit (112 meV) per paper-explicit format; do NOT force conversion to nm. CAUTION 4: Route aminophosphine base + In(I) halide protocol — L052 vocabulary granularity precedent: keep base form, record In(I) halide chemistry in notes, NOT as new sub-variant; future truth gate may revisit if multiple In(I) halide papers accumulate. Modality confirmation: solution PL in toluene via integrating sphere Hamamatsu Quantaurus — CLEAN case, no L048 modality mismatch risk. Coverage value: 728 nm-level deep red fills the thin spine >700 nm band (pre-batch11 had only 2 rows: NR-L046-01 721 + NR-L046-02 725); NR-L054-01 at 720 nm adds a third deep-red row. Intra-table discrepancies (Table 1 vs Table S3 for InI/InBr series) documented in raw QC — non-blocking for S09 representative. Existing system_tag InP/ZnS (count=18 pre-batch11). Yadav2023 JACS 145 5970-5981.",table,1,0,0,0,,1,0,1,4,8,53
L055,InP (L-series),NR-L055-01,L055-S02,TRC-L055-01,literature_structured,In(Zn)P/ZnSe/ZnS,heating_up,no,no,305,2,531,,final_purified,"In(Zn)P/ZnSe/ZnS MSC-destabilized MAIN rep: source L055-S02, Jo/Lee 2023 Chem Mater 35 6161-6167 (Yonsei University Kangtaek Lee group). Key metrics: PL 531 nm solution (text explicit), PLQY 88% solution integrating sphere (narrower than S01 control 76%), FWHM 36 nm solution (narrower than S01 control 40 nm), VD ratio 0.37 high monodispersity index. Process novelty: MSC destabilization via TOP (tri-n-octylphosphine) + ZnCl2 additives during heating-up destabilizes metastable In(Zn)P magic-sized clusters (polytwistane crystal structure) — separates nucleation and growth stages, induces decarboxylation + ligand exchange reactions, additive surface passivation improves stability. Route: heating_up base (paper-explicit 'during the heating-up process') with P(SiMe3)3 injected at 130C during heat-up (NOT hot injection into pre-heated solvent) + ZnCl2/TOP 0.1 M stock 1 mL added dropwise at 230C + core dwell 305C 2min. Sample context: S01 control without additives polydisperse PLQY 76% FWHM 40nm baseline; S02 destabilized main rep PLQY 88% FWHM 36nm monodisperse (main paper claim); S03 bare In(Zn)P core intermediate not promoted (non-numeric TEM, no PL intensity). Shell chemistry note: ZnSe shell uses SnSt2 (tin stearate) as co-reagent — unusual, role unclear (possibly Se-transfer agent or Sn-doping concern); non-blocking flagged for future Yonsei Lee group paper cross-check. CAUTION 1: saturated zone 500-549 nm coverage value low (26 rows pre-batch11); keep justified by process novelty MSC destabilization mechanism only. CAUTION 2: route heating_up base + MSC destabilization protocol kept in notes per L052 vocabulary granularity precedent (base form + process detail in notes not new sub-variant). CAUTION 3: SnSt2 co-reagent unusual — non-blocking but flagged. Modality: solution PL in hexane via integrating sphere CLEAN case no L048 modality mismatch risk. Existing system_tag In(Zn)P/ZnSe/ZnS count=3 pre-batch11. Jo2023 Chem Mater 35 6161-6167.",main_text,1,0,0,0,,0,0,1,3,88,36
L056,InP (L-series),NR-L056-01,L056-S07,TRC-L056-01,literature_structured,In(Zn)P/Zn(Mg)Se/ZnS,heating_up,no,no,305,2,550,,final_purified,"In(Zn)P/Zn(Mg)Se/ZnS NEW SYSTEM_TAG MAIN rep: source L056-S07, Mulder/Houtepen 2020 ACS Appl Nano Mater 3 3859-3867 (TU Delft + IIT Genova + EMAT Antwerp). OPEN ACCESS (CC-BY-NC-ND). 3-layer architecture: In(Zn)P core / Zn_xMg_1-xSe lattice-matched alloy shell / ZnS outer protection shell. System_tag novelty: NEW vocabulary candidate — first Mg-containing shell in spine (INC-018 pre-gate enumeration check: post-round3 21-tag distribution contains ZERO Mg-containing tags — confirmed genuinely new); pending truth-gate vocabulary registration. Lineage: direct extension of L032 (Pietra/Houtepen 2016 ACS Nano In(Zn)P/ZnSe) by same Houtepen TU Delft group — ZnMgSe replaces ZnSe with Mg alloying to improve lattice match with InP (MgSe in zinc blende has near-perfect lattice match with InP; Zn alloying needed to stabilize zinc blende structure). Key metrics: PL ~550 nm solution (figure-read medium confidence — paper Fig 5 spectra for 0/25/50/75% Mg feed series; 0% Mg ~580 nm yellow, 75% Mg ~535 nm bright green, 50% Mg ~550 nm representative), PLQY ~50% uniform across all ZnS-protected samples (graph-read), FWHM ~50 nm for 50% Mg sample (FWHM narrows 90→50 nm across 0→75% Mg content — main paper claim is color purity improvement not PLQY enhancement). Composition: Mg feed 50% → actual ICP/XPS Mg:Zn ≈ 0.26-0.27 (standard alloy feed-vs-actual discrepancy across all compositions, lower actual than feed). Route: heating_up base for core (Ramasamy et al. adapted protocol, core anneal 305C 2min) + syringe-pump injection for Zn(Mg)Se shell at 200C + subsequent ZnS outer shell at higher T — shell delivery method kept in notes per L052 vocabulary granularity precedent (base heating_up + delivery method in notes, not new sub-variant). Modality: solution PL in toluene via FLS980 integrating sphere (N2 glovebox) — CLEAN CASE like L053 (not L048 blank modality precedent); PL_peak_nm_final CAN be populated despite phosphor application context. Free-standing Zn_xMg_1-xSe NCs (methodology development in paper) EXCLUDED at raw extraction stage — not InP-family. CAUTION 1: NEW system_tag vocabulary `In(Zn)P/Zn(Mg)Se/ZnS` pending truth-gate registration — genuinely new, INC-018 pre-gate enumeration check passed (0 Mg-containing tags in spine); first Mg-containing shell system in QD Recipe Navigator spine. CAUTION 2: PL_peak 550 nm is figure-read medium confidence — paper does not provide precise numerical table for all Mg fractions; approximate from Fig 5e graph (similar to L050 NR-L050-01 green figure-read precedent at PL 530 nm). CAUTION 3: PLQY ~50% and FWHM ~50 nm are also graph-read approximations — no precise numerical table for intermediate Mg fractions; S06 (0% Mg) and S07 (50% Mg) have more explicit values than S08 (25%/75% Mg flag record not promoted). CAUTION 4: Coverage value low — 550 nm is in saturated zone 550-599 nm (24 rows pre-batch11); keep justified by NEW system_tag vocabulary + FWHM narrowing claim (90→50 nm with Mg content), NOT for coverage gap. CAUTION 5: Composition dual reporting — Mg feed 50% vs actual ICP/XPS 0.26-0.27 (systematic lower actual than feed); both recorded in raw layer; canonical x value selection deferred to normalization convention. Existing system_tags: 21 total post-round3 (0 Mg-containing); NR-L056-01 registration adds potential 22nd tag. Mulder2020 ACS Appl Nano Mater 3 3859-3867.",figure,1,0,0,1,molar_Mg/(Mg+Zn),0,1,1,5,50,50
L057,InP (L-series),NR-L057-01,L057-S07,TRC-L057-01,literature_structured,InP/ZnS,aminophosphine,no,no,200,,607,,final_purified,"InP/ZnS continuous-flow MAIN rep: source L057-S07, Wang & Segets 2023 React Chem Eng 8 316-322 (UDE / CENIDE Duisburg-Essen). User-approved 2026-05-04 GATE-L057-006 option_A: route=aminophosphine (existing base form, count=4 pre-L057, NO new compound vocabulary), system_tag=InP/ZnS (existing, count=19 pre-L057, NO INC-018). Key metrics ALL text-explicit: PL emission peak 607 nm (main p.320 §3 + Fig 4a; HORIBA Fluorolog-3 @ 400 nm excitation; SOLUTION PL of final-purified InP/ZnS colloid in n-hexane), PLQY 30.9% (main p.320 §3 + Fig 4b inset + abstract + conclusion §4; absolute PLQY via integrating sphere F-3018), FWHM 90 nm (abstract + main + conclusion; paper attributes broadening to surface defects). Synthesis: customized tubular continuous-flow reactor with two heating boxes (HB1 core 200 C, core flow 0.06 mL/min; HB2 shell 200 C, DDT inline 0.03 mL/min, combined 0.09 mL/min); SS spiral tubes OD 1/16 inch ID 0.9975 mm length ~4.6 m; ayxessis GmbH dual-syringe pump for truly continuous flow; premixed precursor stock heat-transfer-only design. Precursor stock InCl3 (99.999%) : ZnCl2 (>=98%) : tris(diethylamino)phosphine PDEA (97%) = 4 : 20 : 16 mmol in oleylamine (Acros 80-90%); ZnCl2 acts as Lewis-acid catalyst (analogous to L016 L017 L054 sister precedents); paper does NOT report ICP/EDX of QDs, so system_tag remains InP/ZnS (NOT In(Zn)P/ZnS) per §9.4 + project curation rules system_tag-from-body rule. DDT used as S source instead of TOP-S. CAUTION 1: time_min blank per L051 NR-L051-01 / TG-L051-148 precedent — continuous tubular flow with separate HB1+HB2 zones is structurally not comparable to single-point growth-hold convention; explicit residence times in paper only at 0.03/0.05/0.1/0.3/1.5 mL/min (not at 0.06/0.09 mL/min used for REP); full per-zone flow-rate detail in raw_process_events PE-015/PE-016. CAUTION 2: first continuous-flow representative under aminophosphine route in spine (existing continuous_flow rows are CIS/ZnS only V078 V143); single-paper-precedent for methodology fold; future revisit per §9.6 if more flow-aminophosphine InP papers accumulate. CAUTION 3: FWHM 90 nm broader than sister aminophosphine cluster (37-53 nm L013/L016/L017/L018/L035/L054) — value preserved exactly as text-explicit; paper notes surface-defect-related broadening. Modality CLEAN final_purified solution PL in n-hexane (no device EL / film PL / phosphor matrix; no L048-style modality mismatch). Coverage: fills empty 580-700 nm orange-red gap in aminophosphine cluster (between L017 540 nm and L054 720 nm). License source_license=CC BY-NC 3.0 logged at CUR-L057-LICENSE-01. Existing system_tag InP/ZnS count=19 pre-L057. Wang2023 React Chem Eng 8 316-322 DOI 10.1039/d2re00378c.",text,1,0,0,0,,1,1,1,3,30.9,90
