T_growth_C,time_min,shell_innermost,shell_layer_count,shell_composition_tier,outer_is_ZnS,route,pred_PL_peak_nm,pred_PL_peak_nm_std,maha_distance,extrap_flag,method,candidate_id
300.0000,30.0000,ZnSe,1,single_shell,1,hot_injection,643.6876,53.5331,1.6038,in_distribution,M3,M3-000
300.0000,30.0000,ZnSe,2,double_shell,1,hot_injection,653.5320,49.8881,1.6038,in_distribution,M3,M3-001
300.0000,30.0000,ZnSe,3,triple_plus_shell,1,hot_injection,640.9921,41.4386,1.6038,in_distribution,M3,M3-002
300.0000,30.0000,ZnS,1,single_shell,1,hot_injection,579.0558,57.9290,1.6038,in_distribution,M3,M3-003
300.0000,30.0000,ZnS,2,double_shell,1,hot_injection,553.6849,73.7947,1.6038,in_distribution,M3,M3-004
300.0000,30.0000,ZnS,3,triple_plus_shell,1,hot_injection,565.7862,64.0111,1.6038,in_distribution,M3,M3-005
300.0000,120.0000,ZnSe,1,single_shell,1,hot_injection,633.1461,48.4105,2.2121,in_distribution,M3,M3-006
300.0000,120.0000,ZnSe,2,double_shell,1,hot_injection,630.7398,44.7591,2.2121,in_distribution,M3,M3-007
300.0000,120.0000,ZnSe,3,triple_plus_shell,1,hot_injection,626.1318,36.1809,2.2121,in_distribution,M3,M3-008
300.0000,120.0000,ZnS,1,single_shell,1,hot_injection,591.7315,46.4237,2.2121,in_distribution,M3,M3-009
300.0000,120.0000,ZnS,2,double_shell,1,hot_injection,544.2806,65.1145,2.2121,in_distribution,M3,M3-010
300.0000,120.0000,ZnS,3,triple_plus_shell,1,hot_injection,566.4612,59.1321,2.2121,in_distribution,M3,M3-011
300.0000,480.0000,ZnSe,1,single_shell,1,hot_injection,628.7083,47.8334,2.9933,extrapolation,M3,M3-012
300.0000,480.0000,ZnSe,2,double_shell,1,hot_injection,627.4788,43.4212,2.9933,extrapolation,M3,M3-013
300.0000,480.0000,ZnSe,3,triple_plus_shell,1,hot_injection,624.3137,36.1116,2.9933,extrapolation,M3,M3-014
300.0000,480.0000,ZnS,1,single_shell,1,hot_injection,590.9409,45.5053,2.9933,extrapolation,M3,M3-015
300.0000,480.0000,ZnS,2,double_shell,1,hot_injection,544.2506,64.9083,2.9933,extrapolation,M3,M3-016
300.0000,480.0000,ZnS,3,triple_plus_shell,1,hot_injection,566.4312,58.9163,2.9933,extrapolation,M3,M3-017
330.0000,30.0000,ZnSe,1,single_shell,1,hot_injection,636.7245,54.2472,2.1534,in_distribution,M3,M3-018
330.0000,30.0000,ZnSe,2,double_shell,1,hot_injection,643.5283,52.8568,2.1534,in_distribution,M3,M3-019
330.0000,30.0000,ZnSe,3,triple_plus_shell,1,hot_injection,637.2666,40.3559,2.1534,in_distribution,M3,M3-020
330.0000,30.0000,ZnS,1,single_shell,1,hot_injection,576.8458,57.1728,2.1534,in_distribution,M3,M3-021
330.0000,30.0000,ZnS,2,double_shell,1,hot_injection,553.8714,73.5951,2.1534,in_distribution,M3,M3-022
330.0000,30.0000,ZnS,3,triple_plus_shell,1,hot_injection,565.2487,64.4277,2.1534,in_distribution,M3,M3-023
330.0000,120.0000,ZnSe,1,single_shell,1,hot_injection,626.2330,47.6825,2.6907,extrapolation,M3,M3-024
330.0000,120.0000,ZnSe,2,double_shell,1,hot_injection,620.6661,43.0519,2.6907,extrapolation,M3,M3-025
330.0000,120.0000,ZnSe,3,triple_plus_shell,1,hot_injection,622.4562,33.3170,2.6907,extrapolation,M3,M3-026
330.0000,120.0000,ZnS,1,single_shell,1,hot_injection,589.1615,46.6810,2.6907,extrapolation,M3,M3-027
330.0000,120.0000,ZnS,2,double_shell,1,hot_injection,544.4888,64.5344,2.6907,extrapolation,M3,M3-028
330.0000,120.0000,ZnS,3,triple_plus_shell,1,hot_injection,565.9453,59.1661,2.6907,extrapolation,M3,M3-029
330.0000,480.0000,ZnSe,1,single_shell,1,hot_injection,621.9122,46.4300,3.4040,extrapolation,M3,M3-030
330.0000,480.0000,ZnSe,2,double_shell,1,hot_injection,618.8236,42.1112,3.4040,extrapolation,M3,M3-031
330.0000,480.0000,ZnSe,3,triple_plus_shell,1,hot_injection,621.2825,33.7274,3.4040,extrapolation,M3,M3-032
330.0000,480.0000,ZnS,1,single_shell,1,hot_injection,588.9042,45.8944,3.4040,extrapolation,M3,M3-033
330.0000,480.0000,ZnS,2,double_shell,1,hot_injection,544.4588,64.3265,3.4040,extrapolation,M3,M3-034
330.0000,480.0000,ZnS,3,triple_plus_shell,1,hot_injection,565.9153,58.9502,3.4040,extrapolation,M3,M3-035
360.0000,30.0000,ZnSe,1,single_shell,1,hot_injection,636.7245,54.2472,2.7076,extrapolation,M3,M3-036
360.0000,30.0000,ZnSe,2,double_shell,1,hot_injection,643.5283,52.8568,2.7076,extrapolation,M3,M3-037
360.0000,30.0000,ZnSe,3,triple_plus_shell,1,hot_injection,637.2666,40.3559,2.7076,extrapolation,M3,M3-038
360.0000,30.0000,ZnS,1,single_shell,1,hot_injection,578.3358,56.2125,2.7076,extrapolation,M3,M3-039
360.0000,30.0000,ZnS,2,double_shell,1,hot_injection,554.3314,73.5349,2.7076,extrapolation,M3,M3-040
360.0000,30.0000,ZnS,3,triple_plus_shell,1,hot_injection,565.7087,64.2776,2.7076,extrapolation,M3,M3-041
360.0000,120.0000,ZnSe,1,single_shell,1,hot_injection,626.2330,47.6825,3.1961,extrapolation,M3,M3-042
360.0000,120.0000,ZnSe,2,double_shell,1,hot_injection,620.6661,43.0519,3.1961,extrapolation,M3,M3-043
360.0000,120.0000,ZnSe,3,triple_plus_shell,1,hot_injection,622.4562,33.3170,3.1961,extrapolation,M3,M3-044
360.0000,120.0000,ZnS,1,single_shell,1,hot_injection,590.2515,45.0987,3.1961,extrapolation,M3,M3-045
360.0000,120.0000,ZnS,2,double_shell,1,hot_injection,544.9488,64.5327,3.1961,extrapolation,M3,M3-046
360.0000,120.0000,ZnS,3,triple_plus_shell,1,hot_injection,566.4053,58.9972,3.1961,extrapolation,M3,M3-047
360.0000,480.0000,ZnSe,1,single_shell,1,hot_injection,621.9122,46.4300,3.8528,extrapolation,M3,M3-048
360.0000,480.0000,ZnSe,2,double_shell,1,hot_injection,618.8236,42.1112,3.8528,extrapolation,M3,M3-049
360.0000,480.0000,ZnSe,3,triple_plus_shell,1,hot_injection,621.2825,33.7274,3.8528,extrapolation,M3,M3-050
360.0000,480.0000,ZnS,1,single_shell,1,hot_injection,589.9942,44.2904,3.8528,extrapolation,M3,M3-051
360.0000,480.0000,ZnS,2,double_shell,1,hot_injection,544.9188,64.3250,3.8528,extrapolation,M3,M3-052
360.0000,480.0000,ZnS,3,triple_plus_shell,1,hot_injection,566.3753,58.7809,3.8528,extrapolation,M3,M3-053
